file_id,learned_colliders,correct_scs,missing_scs,extra_scs,correct_pws,missing_pws,extra_pws,jaccard_edges,i,total_vars,dag_family,p_syn,p_noise,samples
0,0.7055555555555556,1.0,1.0,0.8,0.811111111111111,0.6333333333333333,0.6444444444444445,0.6618568537996455,0,10,ba,0.0,0.0,500
1,0.7581481481481481,1.0,1.0,0.8,0.8814814814814813,0.6444444444444445,0.6444444444444445,0.6734368458052669,1,10,ba,0.0,0.0,1000
2,0.5748677248677249,1.0,1.0,0.4666666666666667,0.8148148148148147,0.4888888888888889,0.35555555555555557,0.5953951165037897,2,10,ba,0.0,0.0,2000
3,0.7044444444444445,1.0,1.0,0.5333333333333333,0.9333333333333331,0.8,0.4666666666666667,0.5719578948095573,3,10,ba,0.0,0.0,5000
4,0.76,1.0,1.0,0.5333333333333333,1.0,1.0,0.4666666666666667,0.6132512349669212,4,10,ba,0.0,0.0,10000
5,1.0,1.0,1.0,1.0,1.0,1.0,1.0,0.9230769230769229,5,10,ba,0.0,0.1,500
6,0.7659259259259258,1.0,1.0,0.6444444444444445,0.8814814814814813,0.6444444444444445,0.8,0.7196659866525709,6,10,ba,0.0,0.1,1000
7,0.7751851851851852,1.0,1.0,0.4666666666666667,0.9333333333333333,0.8,0.8,0.7300853566797839,7,10,ba,0.0,0.1,2000
8,0.8044444444444443,1.0,1.0,0.8,0.9333333333333333,0.8,0.6444444444444445,0.7140446590446591,8,10,ba,0.0,0.1,5000
9,0.7955555555555555,1.0,1.0,0.8,0.9333333333333331,0.8,0.6222222222222222,0.687916464626991,9,10,ba,0.0,0.1,10000
10,0.95,1.0,1.0,1.0,1.0,1.0,0.8,0.9,10,10,ba,0.0,0.2,500
11,0.95,1.0,1.0,1.0,1.0,1.0,0.8,0.9142857142857141,11,10,ba,0.0,0.2,1000
12,0.839259259259259,1.0,1.0,0.8,0.9333333333333331,0.8,0.8,0.7814342139342136,12,10,ba,0.0,0.2,2000
13,0.9199999999999999,1.0,1.0,0.8,1.0,1.0,0.8,0.8875,13,10,ba,0.0,0.2,5000
14,0.7903703703703703,1.0,1.0,0.8,0.9333333333333333,0.8,0.6222222222222222,0.7543246187363835,14,10,ba,0.0,0.2,10000
15,1.0,1.0,1.0,1.0,1.0,1.0,1.0,0.9179487179487179,15,10,ba,0.0,0.3,500
16,0.9333333333333333,1.0,1.0,1.0,0.9333333333333333,0.8,1.0,0.9375,16,10,ba,0.0,0.3,1000
17,1.0,1.0,1.0,1.0,1.0,1.0,1.0,0.9692307692307693,17,10,ba,0.0,0.3,2000
18,1.0,1.0,1.0,1.0,1.0,1.0,1.0,0.9179487179487179,18,10,ba,0.0,0.3,5000
19,0.8655555555555556,1.0,1.0,0.6444444444444445,1.0,1.0,0.8,0.8365384615384613,19,10,ba,0.0,0.3,10000
20,1.0,1.0,1.0,1.0,1.0,1.0,1.0,1.0,20,10,ba,0.0,0.4,500
21,0.43888888888888883,1.0,1.0,0.4,0.6222222222222222,0.6592592592592592,0.4222222222222222,0.5833083735818515,21,10,ba,0.0,0.4,1000
22,0.7166666666666667,1.0,1.0,1.0,0.7777777777777776,0.4,0.5333333333333333,0.7215476190476191,22,10,ba,0.0,0.4,2000
23,1.0,1.0,1.0,1.0,1.0,1.0,1.0,1.0,23,10,ba,0.0,0.4,5000
24,1.0,1.0,1.0,1.0,1.0,1.0,1.0,1.0,24,10,ba,0.0,0.4,10000
25,1.0,1.0,1.0,1.0,1.0,1.0,1.0,1.0,25,10,ba,0.0,0.5,500
26,1.0,1.0,1.0,1.0,1.0,1.0,1.0,1.0,26,10,ba,0.0,0.5,1000
27,1.0,1.0,1.0,1.0,1.0,1.0,1.0,1.0,27,10,ba,0.0,0.5,2000
28,1.0,1.0,1.0,1.0,1.0,1.0,1.0,1.0,28,10,ba,0.0,0.5,5000
29,1.0,1.0,1.0,1.0,1.0,1.0,1.0,1.0,29,10,ba,0.0,0.5,10000
30,0.5322222222222222,0.9,0.8,0.8,0.4444444444444444,0.4444444444444444,0.25555555555555554,0.6121164220674025,30,10,ba,0.5,0.0,500
31,0.7666666666666665,1.0,1.0,1.0,0.4444444444444444,0.4444444444444444,0.8,0.7452624648599879,31,10,ba,0.5,0.0,1000
32,0.5866666666666667,0.9,0.8,0.6222222222222222,0.5333333333333333,0.5333333333333333,0.35555555555555557,0.6348365414541887,32,10,ba,0.5,0.0,2000
33,0.6085185185185185,0.9,0.8,0.4666666666666667,0.4666666666666667,0.4666666666666667,0.8,0.6164482284141728,33,10,ba,0.5,0.0,5000
34,0.75,0.9,0.8,0.8,0.5333333333333333,0.5333333333333333,1.0,0.7784714173568664,34,10,ba,0.5,0.0,10000
35,0.9333333333333333,1.0,1.0,1.0,0.8,0.8,1.0,0.9227513227513227,35,10,ba,0.5,0.1,500
36,0.65,0.9,0.8,0.8,0.4666666666666667,0.4666666666666667,0.6222222222222222,0.6665351286713517,36,10,ba,0.5,0.1,1000
37,0.7118518518518518,0.9,0.8,0.8,0.5333333333333333,0.5333333333333333,0.8,0.7313864748178475,37,10,ba,0.5,0.1,2000
38,0.76,1.0,1.0,1.0,0.5333333333333333,0.5333333333333333,0.8,0.8024537735322048,38,10,ba,0.5,0.1,5000
39,0.7533333333333333,1.0,1.0,1.0,0.4666666666666667,0.4666666666666667,0.8,0.7691621776915895,39,10,ba,0.5,0.1,10000
40,0.6481481481481481,0.8222222222222222,0.6444444444444445,0.6444444444444445,0.4666666666666667,0.4666666666666667,1.0,0.7403655603655603,40,10,ba,0.5,0.2,500
41,0.7851851851851852,0.9,0.8,0.8,0.6444444444444445,0.6444444444444445,1.0,0.8362125020948551,41,10,ba,0.5,0.2,1000
42,0.72,1.0,1.0,0.8,0.5333333333333333,0.5333333333333333,0.6222222222222222,0.7418906764985197,42,10,ba,0.5,0.2,2000
43,0.6277777777777778,0.9,0.8,0.8,0.4444444444444444,0.4444444444444444,0.6222222222222222,0.6820135988118444,43,10,ba,0.5,0.2,5000
44,0.7507407407407407,0.9,0.8,0.8,0.6444444444444445,0.6444444444444445,0.8,0.8469038042567456,44,10,ba,0.5,0.2,10000
45,0.9333333333333333,1.0,1.0,1.0,0.8,0.8,1.0,0.9466666666666665,45,10,ba,0.5,0.3,500
46,0.9333333333333333,1.0,1.0,1.0,0.8,0.8,1.0,0.9466666666666667,46,10,ba,0.5,0.3,1000
47,0.8814814814814814,1.0,1.0,1.0,0.6444444444444445,0.6444444444444445,1.0,0.9051851851851852,47,10,ba,0.5,0.3,2000
48,0.7777777777777776,1.0,1.0,1.0,0.4666666666666667,0.4666666666666667,0.8,0.8577342047930284,48,10,ba,0.5,0.3,5000
49,0.8037037037037035,1.0,1.0,1.0,0.5333333333333333,0.5333333333333333,0.8,0.8077691589456296,49,10,ba,0.5,0.3,10000
50,1.0,1.0,1.0,1.0,1.0,1.0,1.0,1.0,50,10,ba,0.5,0.4,500
51,0.7592592592592591,0.9,0.8,0.8,0.6444444444444445,0.6444444444444445,1.0,0.8200244200244201,51,10,ba,0.5,0.4,1000
52,0.8148148148148147,1.0,1.0,1.0,0.4444444444444444,0.4444444444444444,1.0,0.8518518518518521,52,10,ba,0.5,0.4,2000
53,1.0,1.0,1.0,1.0,1.0,1.0,1.0,1.0,53,10,ba,0.5,0.4,5000
54,0.8444444444444443,1.0,1.0,1.0,0.5333333333333333,0.5333333333333333,1.0,0.8755555555555556,54,10,ba,0.5,0.4,10000
55,1.0,1.0,1.0,1.0,1.0,1.0,1.0,1.0,55,10,ba,0.5,0.5,500
56,1.0,1.0,1.0,1.0,1.0,1.0,1.0,1.0,56,10,ba,0.5,0.5,1000
57,1.0,1.0,1.0,1.0,1.0,1.0,1.0,1.0,57,10,ba,0.5,0.5,2000
58,1.0,1.0,1.0,1.0,1.0,1.0,1.0,1.0,58,10,ba,0.5,0.5,5000
59,1.0,1.0,1.0,1.0,1.0,1.0,1.0,1.0,59,10,ba,0.5,0.5,10000
60,1.0,1.0,1.0,1.0,1.0,1.0,1.0,0.9692307692307693,60,10,ba,1.0,0.0,500
61,0.9,0.9333333333333333,0.8,0.8,1.0,1.0,1.0,0.8566381766381767,61,10,ba,1.0,0.0,1000
62,1.0,1.0,1.0,1.0,1.0,1.0,1.0,0.9452991452991455,62,10,ba,1.0,0.0,2000
63,0.8533333333333333,0.9333333333333333,0.8,0.6222222222222222,1.0,1.0,1.0,0.8635897435897435,63,10,ba,1.0,0.0,5000
64,1.0,1.0,1.0,1.0,1.0,1.0,1.0,0.9452991452991455,64,10,ba,1.0,0.0,10000
65,1.0,1.0,1.0,1.0,1.0,1.0,1.0,0.9525925925925928,65,10,ba,1.0,0.1,500
66,0.6511111111111111,0.7629629629629628,0.37777777777777777,0.35555555555555557,1.0,1.0,1.0,0.7460644656723089,66,10,ba,1.0,0.1,1000
67,0.9,0.9333333333333333,0.8,0.8,1.0,1.0,1.0,0.8616758241758242,67,10,ba,1.0,0.1,2000
68,1.0,1.0,1.0,1.0,1.0,1.0,1.0,0.9282051282051281,68,10,ba,1.0,0.1,5000
69,0.8533333333333333,0.9333333333333331,0.8,0.6222222222222222,1.0,1.0,1.0,0.78021978021978,69,10,ba,1.0,0.1,10000
70,1.0,1.0,1.0,1.0,1.0,1.0,1.0,0.9692307692307692,70,10,ba,1.0,0.2,500
71,1.0,1.0,1.0,1.0,1.0,1.0,1.0,0.9692307692307693,71,10,ba,1.0,0.2,1000
72,1.0,1.0,1.0,1.0,1.0,1.0,1.0,0.9692307692307693,72,10,ba,1.0,0.2,2000
73,0.9111111111111111,1.0,1.0,0.6444444444444445,1.0,1.0,1.0,0.8894586894586893,73,10,ba,1.0,0.2,5000
74,0.9,0.9333333333333333,0.8,0.8,1.0,1.0,1.0,0.9090598290598291,74,10,ba,1.0,0.2,10000
75,1.0,1.0,1.0,1.0,1.0,1.0,1.0,1.0,75,10,ba,1.0,0.3,500
76,0.9,0.9333333333333333,0.8,0.8,1.0,1.0,1.0,0.9076923076923076,76,10,ba,1.0,0.3,1000
77,1.0,1.0,1.0,1.0,1.0,1.0,1.0,1.0,77,10,ba,1.0,0.3,2000
78,1.0,1.0,1.0,1.0,1.0,1.0,1.0,0.9282051282051281,78,10,ba,1.0,0.3,5000
79,0.95,1.0,1.0,0.8,1.0,1.0,1.0,0.9014245014245014,79,10,ba,1.0,0.3,10000
80,0.8,0.8,0.9333333333333331,1.0,1.0,1.0,1.0,0.9333333333333331,80,10,ba,1.0,0.4,500
81,0.9,0.9,0.9,1.0,1.0,1.0,1.0,0.9600000000000001,81,10,ba,1.0,0.4,1000
82,1.0,1.0,1.0,1.0,1.0,1.0,1.0,1.0,82,10,ba,1.0,0.4,2000
83,1.0,1.0,1.0,1.0,1.0,1.0,1.0,1.0,83,10,ba,1.0,0.4,5000
84,0.9,0.9333333333333333,0.8,0.8,1.0,1.0,1.0,0.9333333333333333,84,10,ba,1.0,0.4,10000
85,1.0,1.0,1.0,1.0,1.0,1.0,1.0,1.0,85,10,ba,1.0,0.5,500
86,1.0,1.0,1.0,1.0,1.0,1.0,1.0,1.0,86,10,ba,1.0,0.5,1000
87,1.0,1.0,1.0,1.0,1.0,1.0,1.0,1.0,87,10,ba,1.0,0.5,2000
88,1.0,1.0,1.0,1.0,1.0,1.0,1.0,1.0,88,10,ba,1.0,0.5,5000
89,1.0,1.0,1.0,1.0,1.0,1.0,1.0,1.0,89,10,ba,1.0,0.5,10000
90,1.0,1.0,1.0,1.0,1.0,1.0,1.0,0.8222222222222221,90,10,er,0.0,0.0,500
91,0.9,1.0,1.0,1.0,0.9,0.8,1.0,0.9200000000000002,91,10,er,0.0,0.0,1000
92,0.9,1.0,1.0,1.0,0.9,0.8,1.0,0.9199999999999999,92,10,er,0.0,0.0,2000
93,1.0,1.0,1.0,1.0,1.0,1.0,1.0,1.0,93,10,er,0.0,0.0,5000
94,0.9,1.0,1.0,1.0,0.9,0.8,1.0,0.9199999999999999,94,10,er,0.0,0.0,10000
95,1.0,1.0,1.0,1.0,1.0,1.0,1.0,1.0,95,10,er,0.0,0.1,500
96,1.0,1.0,1.0,1.0,1.0,1.0,1.0,1.0,96,10,er,0.0,0.1,1000
97,0.8,1.0,1.0,1.0,0.8,0.6222222222222222,1.0,0.8488888888888889,97,10,er,0.0,0.1,2000
98,1.0,1.0,1.0,1.0,1.0,1.0,1.0,1.0,98,10,er,0.0,0.1,5000
99,0.8,1.0,1.0,1.0,0.8,0.6222222222222222,1.0,0.7605387205387206,99,10,er,0.0,0.1,10000
100,1.0,1.0,1.0,1.0,1.0,1.0,1.0,1.0,100,10,er,0.0,0.2,500
101,0.9,1.0,1.0,1.0,0.9,0.8,1.0,0.9333333333333333,101,10,er,0.0,0.2,1000
102,1.0,1.0,1.0,1.0,1.0,1.0,1.0,1.0,102,10,er,0.0,0.2,2000
103,0.8222222222222222,1.0,1.0,1.0,0.8222222222222222,0.6444444444444445,1.0,0.8577777777777779,103,10,er,0.0,0.2,5000
104,0.9,1.0,1.0,1.0,0.9,0.8,1.0,0.9199999999999999,104,10,er,0.0,0.2,10000
105,1.0,1.0,1.0,1.0,1.0,1.0,1.0,0.8251851851851851,105,10,er,0.0,0.3,500
106,1.0,1.0,1.0,1.0,1.0,1.0,1.0,0.9599999999999999,106,10,er,0.0,0.3,1000
107,1.0,1.0,1.0,1.0,1.0,1.0,1.0,1.0,107,10,er,0.0,0.3,2000
108,0.9,1.0,1.0,1.0,0.9,0.8,1.0,0.9333333333333333,108,10,er,0.0,0.3,5000
109,1.0,1.0,1.0,1.0,1.0,1.0,1.0,1.0,109,10,er,0.0,0.3,10000
110,0.8,1.0,1.0,1.0,0.8,0.9,0.8,0.88,110,10,er,0.0,0.4,500
111,0.35555555555555557,1.0,1.0,0.8,0.35555555555555557,0.45555555555555555,1.0,0.6925925925925925,111,10,er,0.0,0.4,1000
112,1.0,1.0,1.0,1.0,1.0,1.0,1.0,1.0,112,10,er,0.0,0.4,2000
113,1.0,1.0,1.0,1.0,1.0,1.0,1.0,1.0,113,10,er,0.0,0.4,5000
114,1.0,1.0,1.0,1.0,1.0,1.0,1.0,1.0,114,10,er,0.0,0.4,10000
115,1.0,1.0,1.0,1.0,1.0,1.0,1.0,1.0,115,10,er,0.0,0.5,500
116,1.0,1.0,1.0,1.0,1.0,1.0,1.0,1.0,116,10,er,0.0,0.5,1000
117,1.0,1.0,1.0,1.0,1.0,1.0,1.0,1.0,117,10,er,0.0,0.5,2000
118,1.0,1.0,1.0,1.0,1.0,1.0,1.0,1.0,118,10,er,0.0,0.5,5000
119,1.0,1.0,1.0,1.0,1.0,1.0,1.0,1.0,119,10,er,0.0,0.5,10000
120,0.6222222222222222,0.8,0.8,1.0,0.5333333333333333,0.5333333333333333,0.8,0.6861832938303526,120,10,er,0.5,0.0,500
121,0.5999999999999999,1.0,1.0,1.0,0.4444444444444444,0.4444444444444444,0.5333333333333333,0.7044560377893712,121,10,er,0.5,0.0,1000
122,0.9,0.8,0.8,1.0,1.0,1.0,1.0,0.9200000000000002,122,10,er,0.5,0.0,2000
123,0.5333333333333332,0.8,0.8,1.0,0.4666666666666667,0.4666666666666667,0.5333333333333333,0.7039659755449229,123,10,er,0.5,0.0,5000
124,0.8222222222222222,1.0,1.0,1.0,0.6444444444444445,0.6444444444444445,1.0,0.8814814814814813,124,10,er,0.5,0.0,10000
125,0.6296296296296297,1.0,1.0,1.0,0.4666666666666667,0.4666666666666667,0.6222222222222222,0.8019373219373218,125,10,er,0.5,0.1,500
126,0.7629629629629628,1.0,1.0,1.0,0.6444444444444445,0.6444444444444445,0.6444444444444445,0.9209876543209877,126,10,er,0.5,0.1,1000
127,0.4703703703703703,0.8,0.8,1.0,0.4666666666666667,0.4666666666666667,0.4888888888888889,0.6380414647081314,127,10,er,0.5,0.1,2000
128,0.8222222222222222,1.0,1.0,1.0,0.6444444444444445,0.6444444444444445,1.0,0.831072631072631,128,10,er,0.5,0.1,5000
129,0.5333333333333332,0.8,0.8,1.0,0.4666666666666667,0.4666666666666667,0.4888888888888889,0.7120210653543986,129,10,er,0.5,0.1,10000
130,0.6777777777777777,1.0,1.0,1.0,0.4666666666666667,0.4666666666666667,0.8,0.7353520553520554,130,10,er,0.5,0.2,500
131,0.8222222222222222,1.0,1.0,1.0,0.6444444444444445,0.6444444444444445,1.0,0.8814814814814814,131,10,er,0.5,0.2,1000
132,0.7333333333333333,1.0,1.0,1.0,0.4666666666666667,0.4666666666666667,1.0,0.7999999999999998,132,10,er,0.5,0.2,2000
133,1.0,1.0,1.0,1.0,1.0,1.0,1.0,1.0,133,10,er,0.5,0.2,5000
134,0.5648148148148149,1.0,1.0,1.0,0.5333333333333333,0.5333333333333333,0.5111111111111111,0.6223159556492888,134,10,er,0.5,0.2,10000
135,0.9,1.0,1.0,1.0,0.8,0.8,1.0,0.9333333333333331,135,10,er,0.5,0.3,500
136,0.9,1.0,1.0,1.0,0.8,0.8,1.0,0.9333333333333331,136,10,er,0.5,0.3,1000
137,0.9,1.0,1.0,1.0,0.8,0.8,1.0,0.9333333333333331,137,10,er,0.5,0.3,2000
138,0.6277777777777778,1.0,1.0,1.0,0.5333333333333333,0.5333333333333333,0.43333333333333335,0.7382158582158583,138,10,er,0.5,0.3,5000
139,0.7111111111111111,0.8,0.8,1.0,0.6444444444444445,0.6444444444444445,1.0,0.8419753086419752,139,10,er,0.5,0.3,10000
140,1.0,1.0,1.0,1.0,1.0,1.0,1.0,1.0,140,10,er,0.5,0.4,500
141,0.7666666666666667,1.0,1.0,1.0,0.5333333333333333,0.5333333333333333,1.0,0.8444444444444443,141,10,er,0.5,0.4,1000
142,0.7703703703703705,0.8,0.8,0.8,0.8,0.8,1.0,0.8375661375661374,142,10,er,0.5,0.4,2000
143,0.9,1.0,1.0,1.0,0.8,0.8,1.0,0.942857142857143,143,10,er,0.5,0.4,5000
144,0.7666666666666667,1.0,1.0,1.0,0.5333333333333333,0.5333333333333333,1.0,0.8444444444444443,144,10,er,0.5,0.4,10000
145,1.0,1.0,1.0,1.0,1.0,1.0,1.0,1.0,145,10,er,0.5,0.5,500
146,1.0,1.0,1.0,1.0,1.0,1.0,1.0,1.0,146,10,er,0.5,0.5,1000
147,1.0,1.0,1.0,1.0,1.0,1.0,1.0,1.0,147,10,er,0.5,0.5,2000
148,1.0,1.0,1.0,1.0,1.0,1.0,1.0,1.0,148,10,er,0.5,0.5,5000
149,1.0,1.0,1.0,1.0,1.0,1.0,1.0,1.0,149,10,er,0.5,0.5,10000
150,1.0,1.0,1.0,1.0,1.0,1.0,1.0,1.0,150,10,er,1.0,0.0,500
151,0.8666666666666667,0.9,0.8,0.8,1.0,1.0,1.0,0.9166666666666666,151,10,er,1.0,0.0,1000
152,1.0,1.0,1.0,1.0,1.0,1.0,1.0,1.0,152,10,er,1.0,0.0,2000
153,1.0,1.0,1.0,1.0,1.0,1.0,1.0,1.0,153,10,er,1.0,0.0,5000
154,1.0,1.0,1.0,1.0,1.0,1.0,1.0,1.0,154,10,er,1.0,0.0,10000
155,0.8666666666666667,0.9,0.8,0.8,1.0,1.0,1.0,0.9,155,10,er,1.0,0.1,500
156,1.0,1.0,1.0,1.0,1.0,1.0,1.0,1.0,156,10,er,1.0,0.1,1000
157,0.8666666666666667,0.9,0.8,0.8,1.0,1.0,1.0,0.9,157,10,er,1.0,0.1,2000
158,0.8148148148148148,1.0,1.0,1.0,1.0,1.0,0.4444444444444444,0.8765432098765432,158,10,er,1.0,0.1,5000
159,1.0,1.0,1.0,1.0,1.0,1.0,1.0,1.0,159,10,er,1.0,0.1,10000
160,1.0,1.0,1.0,1.0,1.0,1.0,1.0,1.0,160,10,er,1.0,0.2,500
161,1.0,1.0,1.0,1.0,1.0,1.0,1.0,1.0,161,10,er,1.0,0.2,1000
162,1.0,1.0,1.0,1.0,1.0,1.0,1.0,1.0,162,10,er,1.0,0.2,2000
163,1.0,1.0,1.0,1.0,1.0,1.0,1.0,1.0,163,10,er,1.0,0.2,5000
164,1.0,1.0,1.0,1.0,1.0,1.0,1.0,1.0,164,10,er,1.0,0.2,10000
165,1.0,1.0,1.0,1.0,1.0,1.0,1.0,1.0,165,10,er,1.0,0.3,500
166,1.0,1.0,1.0,1.0,1.0,1.0,1.0,1.0,166,10,er,1.0,0.3,1000
167,1.0,1.0,1.0,1.0,1.0,1.0,1.0,1.0,167,10,er,1.0,0.3,2000
168,0.8666666666666668,0.9,0.8,0.8,1.0,1.0,1.0,0.9,168,10,er,1.0,0.3,5000
169,1.0,1.0,1.0,1.0,1.0,1.0,1.0,1.0,169,10,er,1.0,0.3,10000
170,1.0,1.0,1.0,1.0,1.0,1.0,1.0,1.0,170,10,er,1.0,0.4,500
171,0.8666666666666667,0.9,0.8,0.8,1.0,1.0,1.0,0.9,171,10,er,1.0,0.4,1000
172,0.8666666666666667,0.9,0.8,0.8,1.0,1.0,1.0,0.9199999999999999,172,10,er,1.0,0.4,2000
173,1.0,1.0,1.0,1.0,1.0,1.0,1.0,1.0,173,10,er,1.0,0.4,5000
174,1.0,1.0,1.0,1.0,1.0,1.0,1.0,1.0,174,10,er,1.0,0.4,10000
175,1.0,1.0,1.0,1.0,1.0,1.0,1.0,1.0,175,10,er,1.0,0.5,500
176,1.0,1.0,1.0,1.0,1.0,1.0,1.0,1.0,176,10,er,1.0,0.5,1000
177,1.0,1.0,1.0,1.0,1.0,1.0,1.0,1.0,177,10,er,1.0,0.5,2000
178,1.0,1.0,1.0,1.0,1.0,1.0,1.0,1.0,178,10,er,1.0,0.5,5000
179,1.0,1.0,1.0,1.0,1.0,1.0,1.0,1.0,179,10,er,1.0,0.5,10000
180,0.2946560846560846,1.0,1.0,0.24444444444444444,0.5259259259259259,0.3333333333333333,0.14074074074074072,0.4499185484721932,180,10,small-world,0.0,0.0,500
181,0.6874074074074075,1.0,1.0,0.4666666666666667,0.8037037037037037,0.4,0.8,0.634598685265352,181,10,small-world,0.0,0.0,1000
182,0.5723280423280422,1.0,1.0,0.5333333333333333,0.7703703703703704,0.4222222222222222,0.23333333333333334,0.6819113551853491,182,10,small-world,0.0,0.0,2000
183,0.2963932980599647,1.0,1.0,0.3333333333333333,0.7555555555555555,0.7111111111111111,0.015555555555555555,0.3827463349662496,183,10,small-world,0.0,0.0,5000
184,0.536904761904762,1.0,1.0,0.5333333333333333,0.7722222222222223,0.4222222222222222,0.26666666666666666,0.6159802708183678,184,10,small-world,0.0,0.0,10000
185,0.5858201058201057,1.0,1.0,0.4888888888888889,0.7611111111111111,0.37777777777777777,0.4666666666666667,0.7100063899015755,185,10,small-world,0.0,0.1,500
186,0.5548148148148149,1.0,1.0,0.4666666666666667,0.7481481481481481,0.39259259259259255,0.3333333333333333,0.6500830975965136,186,10,small-world,0.0,0.1,1000
187,0.8188888888888888,1.0,1.0,0.6444444444444445,0.8833333333333333,0.5333333333333333,1.0,0.7230885397637317,187,10,small-world,0.0,0.1,2000
188,0.8733333333333333,1.0,1.0,1.0,0.9111111111111111,0.6444444444444445,0.8,0.7999615561572082,188,10,small-world,0.0,0.1,5000
189,0.911111111111111,1.0,1.0,0.8,0.95,0.8,1.0,0.7684802230070773,189,10,small-world,0.0,0.1,10000
190,0.8833333333333333,1.0,1.0,1.0,0.8833333333333333,0.5333333333333333,1.0,0.8703703703703705,190,10,small-world,0.0,0.2,500
191,0.95,1.0,1.0,1.0,0.95,0.8,1.0,0.8450848352809138,191,10,small-world,0.0,0.2,1000
192,0.8933333333333332,1.0,1.0,0.4666666666666667,1.0,1.0,1.0,0.8933333333333332,192,10,small-world,0.0,0.2,2000
193,0.8844444444444444,1.0,1.0,0.8,1.0,1.0,0.6222222222222222,0.895185185185185,193,10,small-world,0.0,0.2,5000
194,0.7777777777777778,1.0,1.0,0.5333333333333333,0.8611111111111112,0.4888888888888889,1.0,0.7618886431765688,194,10,small-world,0.0,0.2,10000
195,0.95,1.0,1.0,1.0,0.95,0.8,1.0,0.9368421052631578,195,10,small-world,0.0,0.3,500
196,1.0,1.0,1.0,1.0,1.0,1.0,1.0,1.0,196,10,small-world,0.0,0.3,1000
197,1.0,1.0,1.0,1.0,1.0,1.0,1.0,1.0,197,10,small-world,0.0,0.3,2000
198,0.9200000000000002,1.0,1.0,0.8,0.95,0.8,1.0,0.9600000000000001,198,10,small-world,0.0,0.3,5000
199,0.8733333333333333,1.0,1.0,1.0,0.9111111111111111,0.6444444444444445,0.8,0.8355972422639089,199,10,small-world,0.0,0.3,10000
200,1.0,1.0,1.0,1.0,1.0,1.0,1.0,1.0,200,10,small-world,0.0,0.4,500
201,0.6148148148148148,1.0,1.0,1.0,0.6148148148148148,0.5740740740740741,1.0,0.814196752775184,201,10,small-world,0.0,0.4,1000
202,0.7666666666666667,1.0,1.0,1.0,0.7666666666666667,0.35555555555555557,1.0,0.794074074074074,202,10,small-world,0.0,0.4,2000
203,0.7155555555555555,1.0,1.0,1.0,0.7388888888888889,0.2777777777777778,0.8,0.7259538730315416,203,10,small-world,0.0,0.4,5000
204,1.0,1.0,1.0,1.0,1.0,1.0,1.0,1.0,204,10,small-world,0.0,0.4,10000
205,1.0,1.0,1.0,1.0,1.0,1.0,1.0,1.0,205,10,small-world,0.0,0.5,500
206,1.0,1.0,1.0,1.0,1.0,1.0,1.0,1.0,206,10,small-world,0.0,0.5,1000
207,1.0,1.0,1.0,1.0,1.0,1.0,1.0,1.0,207,10,small-world,0.0,0.5,2000
208,1.0,1.0,1.0,1.0,1.0,1.0,1.0,1.0,208,10,small-world,0.0,0.5,5000
209,1.0,1.0,1.0,1.0,1.0,1.0,1.0,1.0,209,10,small-world,0.0,0.5,10000
210,0.5311640211640212,1.0,1.0,0.8,0.3111111111111111,0.4888888888888889,0.3333333333333333,0.5199419034237502,210,10,small-world,0.5,0.0,500
211,0.49206349206349215,1.0,1.0,0.4666666666666667,0.3333333333333333,0.3333333333333333,0.3333333333333333,0.4592337941553307,211,10,small-world,0.5,0.0,1000
212,0.5544973544973544,1.0,1.0,0.8,0.28888888888888886,0.34444444444444444,0.3333333333333333,0.5691199308866317,212,10,small-world,0.5,0.0,2000
213,0.5197354497354497,1.0,1.0,0.6222222222222222,0.3333333333333333,0.3888888888888889,0.2222222222222222,0.45082483306771637,213,10,small-world,0.5,0.0,5000
214,0.49878306878306866,1.0,1.0,0.8,0.3,0.37777777777777777,0.3333333333333333,0.509321885956516,214,10,small-world,0.5,0.0,10000
215,0.5903703703703704,1.0,1.0,1.0,0.28888888888888886,0.37777777777777777,0.4666666666666667,0.6916200834739893,215,10,small-world,0.5,0.1,500
216,0.7259259259259259,1.0,1.0,1.0,0.4777777777777778,0.37777777777777777,0.8,0.6710932572834954,216,10,small-world,0.5,0.1,1000
217,0.5556613756613757,1.0,1.0,1.0,0.32222222222222224,0.4888888888888889,0.23333333333333334,0.5704574428533388,217,10,small-world,0.5,0.1,2000
218,0.5701587301587301,1.0,1.0,1.0,0.4222222222222222,0.28888888888888886,0.2222222222222222,0.6085852632426538,218,10,small-world,0.5,0.1,5000
219,0.5247089947089946,1.0,1.0,0.8,0.3333333333333333,0.3333333333333333,0.34444444444444444,0.6054716118274469,219,10,small-world,0.5,0.1,10000
220,0.6914814814814815,1.0,1.0,0.8,0.4,0.4,0.8,0.6948212882125926,220,10,small-world,0.5,0.2,500
221,0.5833333333333334,1.0,1.0,0.8,0.32222222222222224,0.4888888888888889,0.43333333333333335,0.640203676598234,221,10,small-world,0.5,0.2,1000
222,0.6688888888888888,1.0,1.0,1.0,0.37777777777777777,0.4666666666666667,0.6222222222222222,0.6996069691625247,222,10,small-world,0.5,0.2,2000
223,0.5094708994708995,1.0,1.0,1.0,0.28888888888888886,0.4222222222222222,0.17777777777777778,0.5348216300217467,223,10,small-world,0.5,0.2,5000
224,0.717037037037037,1.0,1.0,1.0,0.5111111111111111,0.5111111111111111,0.6222222222222222,0.7101784018450684,224,10,small-world,0.5,0.2,10000
225,0.6985185185185185,1.0,1.0,1.0,0.4,0.3111111111111111,0.8,0.7272996538682813,225,10,small-world,0.5,0.3,500
226,0.7444444444444445,1.0,1.0,1.0,0.4,0.4,1.0,0.7954908562751702,226,10,small-world,0.5,0.3,1000
227,0.8166666666666667,1.0,1.0,1.0,0.6333333333333333,0.4,1.0,0.8186571598336305,227,10,small-world,0.5,0.3,2000
228,0.6244444444444444,1.0,1.0,1.0,0.28888888888888886,0.4222222222222222,0.4666666666666667,0.6462183459242283,228,10,small-world,0.5,0.3,5000
229,0.623968253968254,1.0,1.0,0.4888888888888889,0.4777777777777778,0.37777777777777777,0.6222222222222222,0.6573489431155335,229,10,small-world,0.5,0.3,10000
230,0.6444444444444443,1.0,1.0,0.4666666666666667,0.4666666666666667,0.7333333333333333,1.0,0.8095238095238098,230,10,small-world,0.5,0.4,500
231,1.0,1.0,1.0,1.0,1.0,1.0,1.0,0.9185185185185183,231,10,small-world,0.5,0.4,1000
232,0.7944444444444444,1.0,1.0,1.0,0.5888888888888889,0.4888888888888889,1.0,0.8419753086419752,232,10,small-world,0.5,0.4,2000
233,0.6644444444444444,0.9,0.8,0.8,0.4888888888888889,0.3111111111111111,1.0,0.7268204925067671,233,10,small-world,0.5,0.4,5000
234,0.7944444444444444,1.0,1.0,1.0,0.5888888888888889,0.3111111111111111,1.0,0.8005743711626065,234,10,small-world,0.5,0.4,10000
235,1.0,1.0,1.0,1.0,1.0,1.0,1.0,1.0,235,10,small-world,0.5,0.5,500
236,1.0,1.0,1.0,1.0,1.0,1.0,1.0,1.0,236,10,small-world,0.5,0.5,1000
237,1.0,1.0,1.0,1.0,1.0,1.0,1.0,1.0,237,10,small-world,0.5,0.5,2000
238,1.0,1.0,1.0,1.0,1.0,1.0,1.0,1.0,238,10,small-world,0.5,0.5,5000
239,1.0,1.0,1.0,1.0,1.0,1.0,1.0,1.0,239,10,small-world,0.5,0.5,10000
240,0.9599999999999999,1.0,1.0,0.8,1.0,1.0,1.0,0.9176470588235293,240,10,small-world,1.0,0.0,500
241,0.9599999999999999,1.0,1.0,0.8,1.0,1.0,1.0,0.9599999999999999,241,10,small-world,1.0,0.0,1000
242,1.0,1.0,1.0,1.0,1.0,1.0,1.0,1.0,242,10,small-world,1.0,0.0,2000
243,1.0,1.0,1.0,1.0,1.0,1.0,1.0,1.0,243,10,small-world,1.0,0.0,5000
244,1.0,1.0,1.0,1.0,1.0,1.0,1.0,1.0,244,10,small-world,1.0,0.0,10000
245,0.8488888888888889,0.9111111111111111,0.6444444444444445,0.6222222222222222,1.0,1.0,1.0,0.8725925925925926,245,10,small-world,1.0,0.1,500
246,0.8822222222222221,0.95,0.8,0.6222222222222222,1.0,1.0,1.0,0.9100925925925926,246,10,small-world,1.0,0.1,1000
247,0.9600000000000001,1.0,1.0,0.8,1.0,1.0,1.0,0.9466666666666665,247,10,small-world,1.0,0.1,2000
248,1.0,1.0,1.0,1.0,1.0,1.0,1.0,1.0,248,10,small-world,1.0,0.1,5000
249,1.0,1.0,1.0,1.0,1.0,1.0,1.0,1.0,249,10,small-world,1.0,0.1,10000
250,1.0,1.0,1.0,1.0,1.0,1.0,1.0,1.0,250,10,small-world,1.0,0.2,500
251,0.9199999999999999,0.95,0.8,0.8,1.0,1.0,1.0,0.9375,251,10,small-world,1.0,0.2,1000
252,1.0,1.0,1.0,1.0,1.0,1.0,1.0,0.9466666666666667,252,10,small-world,1.0,0.2,2000
253,1.0,1.0,1.0,1.0,1.0,1.0,1.0,0.9377777777777778,253,10,small-world,1.0,0.2,5000
254,1.0,1.0,1.0,1.0,1.0,1.0,1.0,1.0,254,10,small-world,1.0,0.2,10000
255,0.7222222222222222,0.8611111111111112,0.4444444444444444,1.0,1.0,1.0,0.4444444444444444,0.8518518518518519,255,10,small-world,1.0,0.3,500
256,0.9200000000000002,0.95,0.8,0.8,1.0,1.0,1.0,0.9333333333333331,256,10,small-world,1.0,0.3,1000
257,0.9200000000000002,0.95,0.8,0.8,1.0,1.0,1.0,0.9375,257,10,small-world,1.0,0.3,2000
258,1.0,1.0,1.0,1.0,1.0,1.0,1.0,1.0,258,10,small-world,1.0,0.3,5000
259,1.0,1.0,1.0,1.0,1.0,1.0,1.0,1.0,259,10,small-world,1.0,0.3,10000
260,0.95,0.95,0.8,1.0,1.0,1.0,1.0,0.9571428571428571,260,10,small-world,1.0,0.4,500
261,0.9199999999999999,0.95,0.8,0.8,1.0,1.0,1.0,0.925,261,10,small-world,1.0,0.4,1000
262,1.0,1.0,1.0,1.0,1.0,1.0,1.0,1.0,262,10,small-world,1.0,0.4,2000
263,0.9200000000000002,0.95,0.8,0.8,1.0,1.0,1.0,0.9333333333333333,263,10,small-world,1.0,0.4,5000
264,1.0,1.0,1.0,1.0,1.0,1.0,1.0,1.0,264,10,small-world,1.0,0.4,10000
265,1.0,1.0,1.0,1.0,1.0,1.0,1.0,1.0,265,10,small-world,1.0,0.5,500
266,1.0,1.0,1.0,1.0,1.0,1.0,1.0,1.0,266,10,small-world,1.0,0.5,1000
267,1.0,1.0,1.0,1.0,1.0,1.0,1.0,1.0,267,10,small-world,1.0,0.5,2000
268,1.0,1.0,1.0,1.0,1.0,1.0,1.0,1.0,268,10,small-world,1.0,0.5,5000
269,1.0,1.0,1.0,1.0,1.0,1.0,1.0,1.0,269,10,small-world,1.0,0.5,10000
270,0.41348404681738027,1.0,1.0,0.8,0.6637037037037038,0.572962962962963,0.06111111111111111,0.5001094803264426,270,20,ba,0.0,0.0,500
271,0.38726754726754725,1.0,1.0,0.8,0.593015873015873,0.29962962962962963,0.05555555555555555,0.584177183440254,271,20,ba,0.0,0.0,1000
272,0.6480920314253648,1.0,1.0,0.5,0.9015873015873014,0.4666666666666667,0.15555555555555556,0.7260827973065397,272,20,ba,0.0,0.0,2000
273,0.6309147025813693,1.0,1.0,0.6444444444444445,0.8925925925925924,0.4111111111111111,0.022222222222222223,0.6693787262632367,273,20,ba,0.0,0.0,5000
274,0.6269055635722303,1.0,1.0,0.4888888888888889,0.8804232804232807,0.5703703703703703,0.08888888888888889,0.6663641038803118,274,20,ba,0.0,0.0,10000
275,1.0,1.0,1.0,1.0,1.0,1.0,1.0,0.9716402116402117,275,20,ba,0.0,0.1,500
276,0.8851851851851851,1.0,1.0,1.0,0.9428571428571427,0.6222222222222222,0.6222222222222222,0.8131419457031247,276,20,ba,0.0,0.1,1000
277,0.9228395061728395,1.0,1.0,1.0,0.9714285714285714,0.8,0.6222222222222222,0.8318675391147525,277,20,ba,0.0,0.1,2000
278,0.9268518518518519,1.0,1.0,1.0,1.0,1.0,0.4666666666666667,0.740565575520291,278,20,ba,0.0,0.1,5000
279,0.9082716049382715,1.0,1.0,1.0,1.0,1.0,0.4666666666666667,0.8464216761074382,279,20,ba,0.0,0.1,10000
280,0.975,1.0,1.0,1.0,1.0,1.0,0.8,0.9492209450830141,280,20,ba,0.0,0.2,500
281,0.975,1.0,1.0,1.0,1.0,1.0,0.8,0.9341594128690903,281,20,ba,0.0,0.2,1000
282,0.975,1.0,1.0,1.0,1.0,1.0,0.8,0.9574603174603173,282,20,ba,0.0,0.2,2000
283,0.9317901234567901,1.0,1.0,1.0,1.0,1.0,0.4888888888888889,0.8420990196501568,283,20,ba,0.0,0.2,5000
284,0.975,1.0,1.0,1.0,1.0,1.0,0.8,0.8891402116402115,284,20,ba,0.0,0.2,10000
285,0.78015873015873,1.0,1.0,0.8,0.8177777777777777,0.6451851851851852,0.8,0.8563564491299268,285,20,ba,0.0,0.3,500
286,1.0,1.0,1.0,1.0,1.0,1.0,1.0,1.0,286,20,ba,0.0,0.3,1000
287,0.895238095238095,1.0,1.0,1.0,0.895238095238095,0.35555555555555557,1.0,0.9050108932461876,287,20,ba,0.0,0.3,2000
288,1.0,1.0,1.0,1.0,1.0,1.0,1.0,1.0,288,20,ba,0.0,0.3,5000
289,1.0,1.0,1.0,1.0,1.0,1.0,1.0,0.9238886240443525,289,20,ba,0.0,0.3,10000
290,0.701851851851852,1.0,1.0,0.4777777777777778,1.0,1.0,1.0,0.7184555854672341,290,20,ba,0.0,0.4,500
291,0.8444444444444443,1.0,1.0,1.0,0.8444444444444443,0.9066666666666664,1.0,0.8304604780455942,291,20,ba,0.0,0.4,1000
292,0.9666666666666667,1.0,1.0,1.0,0.9666666666666667,0.9,1.0,0.9866666666666665,292,20,ba,0.0,0.4,2000
293,0.9333333333333333,1.0,1.0,1.0,1.0,1.0,0.4666666666666667,0.9238095238095236,293,20,ba,0.0,0.4,5000
294,1.0,1.0,1.0,1.0,1.0,1.0,1.0,1.0,294,20,ba,0.0,0.4,10000
295,0.8,1.0,1.0,0.8,1.0,1.0,1.0,0.9074074074074077,295,20,ba,0.0,0.5,500
296,1.0,1.0,1.0,1.0,1.0,1.0,1.0,1.0,296,20,ba,0.0,0.5,1000
297,1.0,1.0,1.0,1.0,1.0,1.0,1.0,1.0,297,20,ba,0.0,0.5,2000
298,1.0,1.0,1.0,1.0,1.0,1.0,1.0,1.0,298,20,ba,0.0,0.5,5000
299,1.0,1.0,1.0,1.0,1.0,1.0,1.0,1.0,299,20,ba,0.0,0.5,10000
300,0.5688640371973707,0.95,0.8,0.6222222222222222,0.3814814814814814,0.3518518518518518,0.15259259259259256,0.683558315717925,300,20,ba,0.5,0.0,500
301,0.7066666666666666,0.95,0.8,0.6351851851851852,0.6444444444444445,0.8814814814814814,0.28888888888888886,0.7744666872710506,301,20,ba,0.5,0.0,1000
302,0.8061728395061727,1.0,1.0,0.8222222222222222,0.5888888888888889,0.6333333333333333,0.4888888888888889,0.8201867875325715,302,20,ba,0.5,0.0,2000
303,0.6972134038800706,1.0,1.0,1.0,0.5074074074074074,0.24074074074074073,0.25555555555555554,0.751000556562662,303,20,ba,0.5,0.0,5000
304,0.7242648709315376,1.0,1.0,0.8055555555555556,0.4666666666666667,0.6444444444444445,0.2222222222222222,0.7482017828707132,304,20,ba,0.5,0.0,10000
305,0.794620811287478,1.0,1.0,1.0,0.6370370370370371,0.26666666666666666,0.6222222222222222,0.8206469929192889,305,20,ba,0.5,0.1,500
306,0.7318261984928652,0.95,0.8,0.8,0.7,0.43333333333333335,0.4,0.7752313277332418,306,20,ba,0.5,0.1,1000
307,0.7802469135802468,1.0,1.0,1.0,0.6,0.4074074074074074,0.4666666666666667,0.7989829484600364,307,20,ba,0.5,0.1,2000
308,0.730952380952381,0.95,0.8,0.8,0.5962962962962962,0.3074074074074074,0.4666666666666667,0.8077689442447489,308,20,ba,0.5,0.1,5000
309,0.7129188712522047,1.0,1.0,1.0,0.4518518518518519,0.3259259259259259,0.37777777777777777,0.7789752767982403,309,20,ba,0.5,0.1,10000
310,0.8936507936507935,0.95,0.8,0.8,0.8666666666666665,0.6222222222222222,1.0,0.8901239779028278,310,20,ba,0.5,0.2,500
311,0.8394179894179892,1.0,1.0,1.0,0.8222222222222219,0.4666666666666667,0.35555555555555557,0.8638272978206236,311,20,ba,0.5,0.2,1000
312,0.7328042328042329,1.0,1.0,1.0,0.6222222222222222,0.24444444444444444,0.17777777777777778,0.7805791637295768,312,20,ba,0.5,0.2,2000
313,0.696981721981722,1.0,1.0,1.0,0.6074074074074074,0.3111111111111111,0.2296296296296296,0.7878352781545871,313,20,ba,0.5,0.2,5000
314,0.7735008818342152,1.0,1.0,1.0,0.5703703703703702,0.32592592592592595,0.6222222222222222,0.8327596896662944,314,20,ba,0.5,0.2,10000
315,0.922222222222222,1.0,1.0,1.0,0.9333333333333333,0.8,0.6444444444444445,0.9542087542087542,315,20,ba,0.5,0.3,500
316,0.9333333333333333,1.0,1.0,1.0,0.8444444444444444,0.5333333333333333,1.0,0.8970272904483431,316,20,ba,0.5,0.3,1000
317,0.9428571428571427,1.0,1.0,1.0,0.8666666666666665,0.6222222222222222,1.0,0.959431216931217,317,20,ba,0.5,0.3,2000
318,0.8738095238095238,1.0,1.0,1.0,0.7444444444444445,0.43333333333333335,0.8,0.8922779852681814,318,20,ba,0.5,0.3,5000
319,0.8453703703703703,1.0,1.0,1.0,0.6814814814814815,0.35555555555555557,0.8,0.8210019585169389,319,20,ba,0.5,0.3,10000
320,0.9,0.9,0.9333333333333333,1.0,1.0,1.0,1.0,0.975,320,20,ba,0.5,0.4,500
321,0.95,0.9333333333333333,0.9,1.0,1.0,1.0,1.0,0.9833333333333333,321,20,ba,0.5,0.4,1000
322,0.95,1.0,1.0,0.8,0.9333333333333333,0.8,1.0,0.9268817204301077,322,20,ba,0.5,0.4,2000
323,0.949206349206349,1.0,1.0,1.0,0.8814814814814813,0.6444444444444445,1.0,0.9746031746031747,323,20,ba,0.5,0.4,5000
324,0.8507936507936507,1.0,1.0,1.0,0.6370370370370371,0.28888888888888886,1.0,0.8878454715219423,324,20,ba,0.5,0.4,10000
325,1.0,1.0,1.0,1.0,1.0,1.0,1.0,1.0,325,20,ba,0.5,0.5,500
326,1.0,1.0,1.0,1.0,1.0,1.0,1.0,1.0,326,20,ba,0.5,0.5,1000
327,1.0,1.0,1.0,1.0,1.0,1.0,1.0,1.0,327,20,ba,0.5,0.5,2000
328,1.0,1.0,1.0,1.0,1.0,1.0,1.0,1.0,328,20,ba,0.5,0.5,5000
329,1.0,1.0,1.0,1.0,1.0,1.0,1.0,1.0,329,20,ba,0.5,0.5,10000
330,1.0,1.0,1.0,1.0,1.0,1.0,1.0,0.9549287161258263,330,20,ba,1.0,0.0,500
331,0.9269841269841268,0.949206349206349,0.6444444444444445,0.8,1.0,1.0,1.0,0.8549985036336155,331,20,ba,1.0,0.0,1000
332,0.975,1.0,1.0,1.0,1.0,1.0,0.8,0.8498469427414715,332,20,ba,1.0,0.0,2000
333,0.975,1.0,1.0,1.0,1.0,1.0,0.8,0.927030248723797,333,20,ba,1.0,0.0,5000
334,0.9333333333333331,0.9714285714285713,0.8,0.8,1.0,1.0,0.8,0.8974856248271155,334,20,ba,1.0,0.0,10000
335,0.975,1.0,1.0,1.0,1.0,1.0,0.8,0.8851802816271508,335,20,ba,1.0,0.1,500
336,0.9165432098765433,1.0,1.0,1.0,1.0,1.0,0.6296296296296297,0.9024858803084611,336,20,ba,1.0,0.1,1000
337,0.975,1.0,1.0,1.0,1.0,1.0,0.8,0.8672718076736433,337,20,ba,1.0,0.1,2000
338,0.975,1.0,1.0,1.0,1.0,1.0,0.8,0.9269672625401212,338,20,ba,1.0,0.1,5000
339,1.0,1.0,1.0,1.0,1.0,1.0,1.0,0.9192592592592594,339,20,ba,1.0,0.1,10000
340,1.0,1.0,1.0,1.0,1.0,1.0,1.0,0.8717615718886739,340,20,ba,1.0,0.2,500
341,0.975,1.0,1.0,1.0,1.0,1.0,0.8,0.9393399044205495,341,20,ba,1.0,0.2,1000
342,1.0,1.0,1.0,1.0,1.0,1.0,1.0,0.9488814732418737,342,20,ba,1.0,0.2,2000
343,0.9416666666666667,1.0,1.0,1.0,1.0,1.0,0.5333333333333333,0.9045389122017478,343,20,ba,1.0,0.2,5000
344,0.9555555555555556,1.0,1.0,1.0,1.0,1.0,0.6444444444444445,0.8742712949720736,344,20,ba,1.0,0.2,10000
345,1.0,1.0,1.0,1.0,1.0,1.0,1.0,0.961904761904762,345,20,ba,1.0,0.3,500
346,1.0,1.0,1.0,1.0,1.0,1.0,1.0,1.0,346,20,ba,1.0,0.3,1000
347,1.0,1.0,1.0,1.0,1.0,1.0,1.0,0.9857142857142858,347,20,ba,1.0,0.3,2000
348,0.975,1.0,1.0,1.0,1.0,1.0,0.8,0.9574603174603176,348,20,ba,1.0,0.3,5000
349,1.0,1.0,1.0,1.0,1.0,1.0,1.0,0.9540740740740742,349,20,ba,1.0,0.3,10000
350,1.0,1.0,1.0,1.0,1.0,1.0,1.0,0.9492063492063493,350,20,ba,1.0,0.4,500
351,0.95,0.9714285714285716,0.8,0.8,1.0,1.0,1.0,0.9655172413793104,351,20,ba,1.0,0.4,1000
352,1.0,1.0,1.0,1.0,1.0,1.0,1.0,0.9746031746031747,352,20,ba,1.0,0.4,2000
353,0.975,1.0,1.0,1.0,1.0,1.0,0.8,0.9777777777777776,353,20,ba,1.0,0.4,5000
354,1.0,1.0,1.0,1.0,1.0,1.0,1.0,1.0,354,20,ba,1.0,0.4,10000
355,1.0,1.0,1.0,1.0,1.0,1.0,1.0,1.0,355,20,ba,1.0,0.5,500
356,1.0,1.0,1.0,1.0,1.0,1.0,1.0,1.0,356,20,ba,1.0,0.5,1000
357,1.0,1.0,1.0,1.0,1.0,1.0,1.0,1.0,357,20,ba,1.0,0.5,2000
358,1.0,1.0,1.0,1.0,1.0,1.0,1.0,1.0,358,20,ba,1.0,0.5,5000
359,1.0,1.0,1.0,1.0,1.0,1.0,1.0,1.0,359,20,ba,1.0,0.5,10000
360,0.8611111111111112,1.0,1.0,0.4444444444444444,1.0,1.0,1.0,0.877777777777778,360,20,er,0.0,0.0,500
361,0.9333333333333333,1.0,1.0,1.0,0.9333333333333333,0.8,1.0,0.9217391304347826,361,20,er,0.0,0.0,1000
362,0.8833333333333333,1.0,1.0,0.5333333333333333,1.0,1.0,1.0,0.9176470588235295,362,20,er,0.0,0.0,2000
363,0.8203703703703703,1.0,1.0,1.0,0.8666666666666667,0.6222222222222222,0.8,0.8476931358881964,363,20,er,0.0,0.0,5000
364,0.8,1.0,1.0,0.6444444444444445,0.8814814814814814,0.6444444444444445,1.0,0.8243509261412072,364,20,er,0.0,0.0,10000
365,0.5466666666666666,1.0,1.0,1.0,0.7370370370370369,0.4111111111111111,0.2222222222222222,0.7090606782073856,365,20,er,0.0,0.1,500
366,0.8833333333333333,1.0,1.0,0.5333333333333333,1.0,1.0,1.0,0.9263157894736845,366,20,er,0.0,0.1,1000
367,1.0,1.0,1.0,1.0,1.0,1.0,1.0,0.9529411764705881,367,20,er,0.0,0.1,2000
368,1.0,1.0,1.0,1.0,1.0,1.0,1.0,1.0,368,20,er,0.0,0.1,5000
369,0.8392592592592593,1.0,1.0,0.8,0.9333333333333333,0.8,0.8,0.8678240202536875,369,20,er,0.0,0.1,10000
370,0.7955555555555557,1.0,1.0,1.0,1.0,1.0,0.28888888888888886,0.8819926804274633,370,20,er,0.0,0.2,500
371,1.0,1.0,1.0,1.0,1.0,1.0,1.0,0.8958794292127622,371,20,er,0.0,0.2,1000
372,1.0,1.0,1.0,1.0,1.0,1.0,1.0,0.8624797287335986,372,20,er,0.0,0.2,2000
373,0.7037037037037036,1.0,1.0,0.8,0.7444444444444445,0.43333333333333335,1.0,0.7594741948819812,373,20,er,0.0,0.2,5000
374,0.9333333333333333,1.0,1.0,1.0,0.9333333333333333,0.8,1.0,0.9217391304347826,374,20,er,0.0,0.2,10000
375,1.0,1.0,1.0,1.0,1.0,1.0,1.0,0.9099972152603732,375,20,er,0.0,0.3,500
376,1.0,1.0,1.0,1.0,1.0,1.0,1.0,0.948148148148148,376,20,er,0.0,0.3,1000
377,1.0,1.0,1.0,1.0,1.0,1.0,1.0,0.912670565302144,377,20,er,0.0,0.3,2000
378,1.0,1.0,1.0,1.0,1.0,1.0,1.0,0.9478260869565217,378,20,er,0.0,0.3,5000
379,0.8222222222222222,1.0,1.0,0.5333333333333333,0.9333333333333333,0.8,1.0,0.8590560334805856,379,20,er,0.0,0.3,10000
380,1.0,1.0,1.0,1.0,1.0,1.0,1.0,1.0,380,20,er,0.0,0.4,500
381,1.0,1.0,1.0,1.0,1.0,1.0,1.0,0.9215488215488216,381,20,er,0.0,0.4,1000
382,0.8666666666666665,1.0,1.0,1.0,0.8666666666666665,0.6222222222222222,1.0,0.8559351324057207,382,20,er,0.0,0.4,2000
383,1.0,1.0,1.0,1.0,1.0,1.0,1.0,0.9555555555555556,383,20,er,0.0,0.4,5000
384,1.0,1.0,1.0,1.0,1.0,1.0,1.0,0.9789473684210525,384,20,er,0.0,0.4,10000
385,1.0,1.0,1.0,1.0,1.0,1.0,1.0,1.0,385,20,er,0.0,0.5,500
386,1.0,1.0,1.0,1.0,1.0,1.0,1.0,1.0,386,20,er,0.0,0.5,1000
387,1.0,1.0,1.0,1.0,1.0,1.0,1.0,1.0,387,20,er,0.0,0.5,2000
388,1.0,1.0,1.0,1.0,1.0,1.0,1.0,1.0,388,20,er,0.0,0.5,5000
389,1.0,1.0,1.0,1.0,1.0,1.0,1.0,1.0,389,20,er,0.0,0.5,10000
390,0.7314814814814816,1.0,1.0,0.4666666666666667,0.5333333333333333,0.5333333333333333,1.0,0.8256544553159635,390,20,er,0.5,0.0,500
391,0.8814814814814813,1.0,1.0,1.0,0.6444444444444445,0.6444444444444445,1.0,0.7321326107791747,391,20,er,0.5,0.0,1000
392,0.7796296296296296,1.0,1.0,0.8,0.4666666666666667,0.4666666666666667,1.0,0.8235361714309082,392,20,er,0.5,0.0,2000
393,0.7444444444444445,1.0,1.0,0.6444444444444445,0.4444444444444444,0.4444444444444444,1.0,0.8123291740938802,393,20,er,0.5,0.0,5000
394,0.8037037037037035,1.0,1.0,0.8,0.5333333333333333,0.5333333333333333,1.0,0.8755892255892254,394,20,er,0.5,0.0,10000
395,0.8222222222222219,1.0,1.0,1.0,0.4666666666666667,0.4666666666666667,1.0,0.8505050505050503,395,20,er,0.5,0.1,500
396,0.7759259259259259,1.0,1.0,0.5333333333333333,0.6444444444444445,0.6444444444444445,1.0,0.8285941253971943,396,20,er,0.5,0.1,1000
397,0.8814814814814813,1.0,1.0,1.0,0.6444444444444445,0.6444444444444445,1.0,0.852642365685844,397,20,er,0.5,0.1,2000
398,0.8444444444444444,1.0,1.0,1.0,0.5333333333333333,0.5333333333333333,1.0,0.8327331283853022,398,20,er,0.5,0.1,5000
399,0.8444444444444443,1.0,1.0,1.0,0.5333333333333333,0.5333333333333333,1.0,0.8520007770007769,399,20,er,0.5,0.1,10000
400,0.8444444444444443,1.0,1.0,1.0,0.5333333333333333,0.5333333333333333,1.0,0.8660957400087836,400,20,er,0.5,0.2,500
401,0.8074074074074074,1.0,1.0,0.8,0.5333333333333333,0.5333333333333333,1.0,0.8506466784244561,401,20,er,0.5,0.2,1000
402,0.8444444444444441,1.0,1.0,1.0,0.5333333333333333,0.5333333333333333,1.0,0.8833333333333333,402,20,er,0.5,0.2,2000
403,0.7333333333333332,0.9,0.8,0.8,0.4666666666666667,0.4666666666666667,1.0,0.802327193503664,403,20,er,0.5,0.2,5000
404,1.0,1.0,1.0,1.0,1.0,1.0,1.0,0.9639730639730639,404,20,er,0.5,0.2,10000
405,0.631111111111111,1.0,1.0,1.0,0.4444444444444444,0.4444444444444444,0.3851851851851852,0.7987535813622769,405,20,er,0.5,0.3,500
406,0.9333333333333333,1.0,1.0,1.0,0.8,0.8,1.0,0.9545454545454545,406,20,er,0.5,0.3,1000
407,0.8444444444444443,1.0,1.0,1.0,0.5333333333333333,0.5333333333333333,1.0,0.8431623931623932,407,20,er,0.5,0.3,2000
408,0.8444444444444443,1.0,1.0,1.0,0.5333333333333333,0.5333333333333333,1.0,0.8324118376749955,408,20,er,0.5,0.3,5000
409,0.8814814814814813,1.0,1.0,1.0,0.6444444444444445,0.6444444444444445,1.0,0.8643097643097643,409,20,er,0.5,0.3,10000
410,1.0,1.0,1.0,1.0,1.0,1.0,1.0,0.9377777777777777,410,20,er,0.5,0.4,500
411,1.0,1.0,1.0,1.0,1.0,1.0,1.0,1.0,411,20,er,0.5,0.4,1000
412,0.8222222222222222,1.0,1.0,1.0,0.4666666666666667,0.4666666666666667,1.0,0.872222222222222,412,20,er,0.5,0.4,2000
413,0.9333333333333333,1.0,1.0,1.0,0.8,0.8,1.0,0.95,413,20,er,0.5,0.4,5000
414,0.8814814814814814,1.0,1.0,1.0,0.6444444444444445,0.6444444444444445,1.0,0.9111111111111111,414,20,er,0.5,0.4,10000
415,1.0,1.0,1.0,1.0,1.0,1.0,1.0,1.0,415,20,er,0.5,0.5,500
416,1.0,1.0,1.0,1.0,1.0,1.0,1.0,1.0,416,20,er,0.5,0.5,1000
417,1.0,1.0,1.0,1.0,1.0,1.0,1.0,1.0,417,20,er,0.5,0.5,2000
418,1.0,1.0,1.0,1.0,1.0,1.0,1.0,1.0,418,20,er,0.5,0.5,5000
419,1.0,1.0,1.0,1.0,1.0,1.0,1.0,1.0,419,20,er,0.5,0.5,10000
420,1.0,1.0,1.0,1.0,1.0,1.0,1.0,1.0,420,20,er,1.0,0.0,500
421,0.9599999999999999,1.0,1.0,0.8,1.0,1.0,1.0,0.8940707279837716,421,20,er,1.0,0.0,1000
422,1.0,1.0,1.0,1.0,1.0,1.0,1.0,1.0,422,20,er,1.0,0.0,2000
423,1.0,1.0,1.0,1.0,1.0,1.0,1.0,1.0,423,20,er,1.0,0.0,5000
424,1.0,1.0,1.0,1.0,1.0,1.0,1.0,1.0,424,20,er,1.0,0.0,10000
425,1.0,1.0,1.0,1.0,1.0,1.0,1.0,1.0,425,20,er,1.0,0.1,500
426,0.9111111111111111,1.0,1.0,1.0,1.0,1.0,0.6444444444444445,0.9372549019607842,426,20,er,1.0,0.1,1000
427,1.0,1.0,1.0,1.0,1.0,1.0,1.0,1.0,427,20,er,1.0,0.1,2000
428,1.0,1.0,1.0,1.0,1.0,1.0,1.0,1.0,428,20,er,1.0,0.1,5000
429,1.0,1.0,1.0,1.0,1.0,1.0,1.0,1.0,429,20,er,1.0,0.1,10000
430,1.0,1.0,1.0,1.0,1.0,1.0,1.0,1.0,430,20,er,1.0,0.2,500
431,1.0,1.0,1.0,1.0,1.0,1.0,1.0,1.0,431,20,er,1.0,0.2,1000
432,1.0,1.0,1.0,1.0,1.0,1.0,1.0,1.0,432,20,er,1.0,0.2,2000
433,1.0,1.0,1.0,1.0,1.0,1.0,1.0,1.0,433,20,er,1.0,0.2,5000
434,1.0,1.0,1.0,1.0,1.0,1.0,1.0,1.0,434,20,er,1.0,0.2,10000
435,1.0,1.0,1.0,1.0,1.0,1.0,1.0,0.874775828460039,435,20,er,1.0,0.3,500
436,1.0,1.0,1.0,1.0,1.0,1.0,1.0,1.0,436,20,er,1.0,0.3,1000
437,1.0,1.0,1.0,1.0,1.0,1.0,1.0,0.9333333333333333,437,20,er,1.0,0.3,2000
438,1.0,1.0,1.0,1.0,1.0,1.0,1.0,1.0,438,20,er,1.0,0.3,5000
439,1.0,1.0,1.0,1.0,1.0,1.0,1.0,1.0,439,20,er,1.0,0.3,10000
440,1.0,1.0,1.0,1.0,1.0,1.0,1.0,1.0,440,20,er,1.0,0.4,500
441,1.0,1.0,1.0,1.0,1.0,1.0,1.0,0.9416666666666667,441,20,er,1.0,0.4,1000
442,1.0,1.0,1.0,1.0,1.0,1.0,1.0,0.8545098039215683,442,20,er,1.0,0.4,2000
443,1.0,1.0,1.0,1.0,1.0,1.0,1.0,1.0,443,20,er,1.0,0.4,5000
444,1.0,1.0,1.0,1.0,1.0,1.0,1.0,1.0,444,20,er,1.0,0.4,10000
445,1.0,1.0,1.0,1.0,1.0,1.0,1.0,0.9666666666666667,445,20,er,1.0,0.5,500
446,1.0,1.0,1.0,1.0,1.0,1.0,1.0,1.0,446,20,er,1.0,0.5,1000
447,1.0,1.0,1.0,1.0,1.0,1.0,1.0,1.0,447,20,er,1.0,0.5,2000
448,1.0,1.0,1.0,1.0,1.0,1.0,1.0,1.0,448,20,er,1.0,0.5,5000
449,1.0,1.0,1.0,1.0,1.0,1.0,1.0,1.0,449,20,er,1.0,0.5,10000
450,0.2695781379114712,1.0,1.0,0.6222222222222222,0.3875132275132275,0.46351851851851855,0.04148148148148148,0.4203497443730691,450,20,small-world,0.0,0.0,500
451,0.22979588312921648,1.0,1.0,0.35555555555555557,0.3705114638447971,0.4584126984126984,0.04629629629629629,0.4172982970023748,451,20,small-world,0.0,0.0,1000
452,0.3288509602235093,1.0,1.0,1.0,0.5005643738977072,0.41208994708994723,0.05018518518518519,0.4022916604475178,452,20,small-world,0.0,0.0,2000
453,0.21683378350045016,1.0,1.0,0.8,0.3154585537918871,0.3919223985890652,0.031481481481481485,0.39567296629932147,453,20,small-world,0.0,0.0,5000
454,0.2582563523507796,1.0,1.0,1.0,0.43999118165784845,0.3769135802469135,0.005026455026455026,0.3850804302990664,454,20,small-world,0.0,0.0,10000
455,0.39197432197432186,1.0,1.0,1.0,0.5088447971781304,0.1990652557319224,0.04814814814814815,0.5213530654531254,455,20,small-world,0.0,0.1,500
456,0.8837037037037037,1.0,1.0,0.8,0.9328395061728394,0.5111111111111111,0.6222222222222222,0.7884708646110204,456,20,small-world,0.0,0.1,1000
457,0.9033385133385133,1.0,1.0,0.4666666666666667,0.98,0.8,0.8,0.8924258340226084,457,20,small-world,0.0,0.1,2000
458,0.6818717085383753,1.0,1.0,0.8,0.8988271604938268,0.537037037037037,0.03333333333333333,0.6462102322920111,458,20,small-world,0.0,0.1,5000
459,0.7329230029230029,1.0,1.0,1.0,0.9209876543209875,0.6444444444444445,0.14333333333333334,0.6613854385580276,459,20,small-world,0.0,0.1,10000
460,0.8688664421997755,1.0,1.0,1.0,0.8851851851851851,0.2962962962962963,0.8,0.8529997307322421,460,20,small-world,0.0,0.2,500
461,0.8984848484848488,1.0,1.0,0.4,0.9533333333333331,0.5333333333333333,1.0,0.9107312440645774,461,20,small-world,0.0,0.2,1000
462,0.948080808080808,1.0,1.0,0.6444444444444445,0.9799999999999999,0.8,1.0,0.9442002442002443,462,20,small-world,0.0,0.2,2000
463,0.9323232323232323,1.0,1.0,0.6444444444444445,0.9799999999999999,0.8,0.8,0.9228755935422602,463,20,small-world,0.0,0.2,5000
464,0.9480808080808081,1.0,1.0,0.6444444444444445,0.98,0.8,1.0,0.8532913701879219,464,20,small-world,0.0,0.2,10000
465,0.5855731922398589,1.0,1.0,1.0,0.6382539682539683,0.6684656084656084,0.37777777777777777,0.7714529264610167,465,20,small-world,0.0,0.3,500
466,1.0,1.0,1.0,1.0,1.0,1.0,1.0,1.0,466,20,small-world,0.0,0.3,1000
467,1.0,1.0,1.0,1.0,1.0,1.0,1.0,0.9012345679012348,467,20,small-world,0.0,0.3,2000
468,0.9323232323232324,1.0,1.0,0.6444444444444445,0.9799999999999999,0.8,0.8,0.9331207886763445,468,20,small-world,0.0,0.3,5000
469,0.9533333333333333,1.0,1.0,1.0,0.9533333333333333,0.5333333333333333,1.0,0.8362750081459759,469,20,small-world,0.0,0.3,10000
470,0.8222222222222222,1.0,1.0,1.0,0.8222222222222222,0.9604938271604937,1.0,0.940740740740741,470,20,small-world,0.0,0.4,500
471,0.5931216931216932,1.0,1.0,0.6444444444444445,0.5718518518518518,0.743121693121693,1.0,0.7523615040631533,471,20,small-world,0.0,0.4,1000
472,0.6448997915664582,1.0,1.0,0.8,0.6756613756613756,0.20695767195767192,0.6444444444444445,0.6674299361415069,472,20,small-world,0.0,0.4,2000
473,1.0,1.0,1.0,1.0,1.0,1.0,1.0,1.0,473,20,small-world,0.0,0.4,5000
474,1.0,1.0,1.0,1.0,1.0,1.0,1.0,1.0,474,20,small-world,0.0,0.4,10000
475,1.0,1.0,1.0,1.0,1.0,1.0,1.0,1.0,475,20,small-world,0.0,0.5,500
476,1.0,1.0,1.0,1.0,1.0,1.0,1.0,1.0,476,20,small-world,0.0,0.5,1000
477,1.0,1.0,1.0,1.0,1.0,1.0,1.0,1.0,477,20,small-world,0.0,0.5,2000
478,1.0,1.0,1.0,1.0,1.0,1.0,1.0,1.0,478,20,small-world,0.0,0.5,5000
479,1.0,1.0,1.0,1.0,1.0,1.0,1.0,1.0,479,20,small-world,0.0,0.5,10000
480,0.44891713225046553,0.7699999999999998,0.3074074074074074,0.23333333333333334,0.42222222222222217,0.3644444444444444,0.10185185185185186,0.5502484466048828,480,20,small-world,0.5,0.0,500
481,0.4508814642147976,0.7888888888888888,0.28888888888888886,0.4666666666666667,0.29555555555555557,0.4481481481481481,0.1111111111111111,0.5670275122432095,481,20,small-world,0.5,0.0,1000
482,0.5316610858277525,0.8933333333333331,0.4666666666666667,0.27037037037037037,0.48592592592592593,0.2677777777777778,0.14074074074074072,0.5705762912136159,482,20,small-world,0.5,0.0,2000
483,0.4269308469308468,0.8666666666666667,0.4888888888888889,0.37777777777777777,0.36629629629629634,0.36481481481481476,0.044444444444444446,0.5027451042973587,483,20,small-world,0.5,0.0,5000
484,0.5683752050418717,0.7666666666666667,0.29629629629629634,0.8,0.4762962962962962,0.23925925925925923,0.2796296296296296,0.6078813828897733,484,20,small-world,0.5,0.0,10000
485,0.7333221099887767,0.9199999999999999,0.6222222222222222,0.8,0.6659259259259259,0.15555555555555553,0.4666666666666667,0.7616396671062415,485,20,small-world,0.5,0.1,500
486,0.7613419913419913,0.9600000000000001,0.8,1.0,0.6825925925925928,0.2722222222222222,0.4666666666666667,0.7910778231864204,486,20,small-world,0.5,0.1,1000
487,0.6297867564534232,0.8322222222222223,0.3888888888888889,0.4888888888888889,0.5888888888888889,0.17037037037037037,0.37777777777777777,0.6951758024499881,487,20,small-world,0.5,0.1,2000
488,0.5864519431186098,0.9199999999999999,0.6222222222222222,0.6222222222222222,0.4303703703703703,0.2033333333333333,0.15925925925925924,0.6931110661112868,488,20,small-world,0.5,0.1,5000
489,0.4528860028860028,0.8888888888888887,0.4888888888888889,0.4666666666666667,0.18444444444444447,0.3585185185185185,0.10925925925925925,0.5729858506397999,489,20,small-world,0.5,0.1,10000
490,0.6636588103254769,0.8888888888888888,0.4888888888888889,1.0,0.5792592592592593,0.1925925925925926,0.2111111111111111,0.7019074129886598,490,20,small-world,0.5,0.2,500
491,0.6563131313131312,0.9066666666666666,0.5333333333333333,1.0,0.5,0.22740740740740742,0.32222222222222224,0.6517591174973094,491,20,small-world,0.5,0.2,1000
492,0.6101721118387785,0.8666666666666667,0.4,0.6222222222222222,0.4507407407407407,0.2537037037037037,0.4666666666666667,0.6963081252668689,492,20,small-world,0.5,0.2,2000
493,0.5216807266807266,0.8533333333333332,0.35555555555555557,0.8,0.3333333333333333,0.35222222222222216,0.15925925925925924,0.662371944663529,493,20,small-world,0.5,0.2,5000
494,0.5252054118720786,0.8322222222222223,0.3888888888888889,0.6333333333333333,0.3162962962962963,0.4066666666666667,0.2,0.6363853574283618,494,20,small-world,0.5,0.2,10000
495,0.741096681096681,0.9288888888888889,0.6444444444444445,1.0,0.5681481481481482,0.5148148148148148,0.6444444444444445,0.815995767984688,495,20,small-world,0.5,0.3,500
496,0.7820650953984287,0.9066666666666666,0.5333333333333333,0.8,0.68,0.14074074074074072,0.8,0.7747647198209252,496,20,small-world,0.5,0.3,1000
497,0.7724242424242423,1.0,1.0,1.0,0.5692592592592592,0.39444444444444443,0.5333333333333333,0.8067040906529225,497,20,small-world,0.5,0.3,2000
498,0.6770931537598205,0.8888888888888888,0.4888888888888889,0.8,0.5137037037037038,0.2796296296296296,0.6222222222222222,0.7373083332792305,498,20,small-world,0.5,0.3,5000
499,0.5906124739458073,0.9066666666666666,0.5333333333333333,0.5333333333333333,0.3648148148148148,0.31222222222222223,0.24444444444444444,0.6735630841687082,499,20,small-world,0.5,0.3,10000
500,1.0,1.0,1.0,1.0,1.0,1.0,1.0,1.0,500,20,small-world,0.5,0.4,500
501,0.7970370370370369,1.0,1.0,1.0,0.6740740740740742,0.6740740740740742,1.0,0.8419608164245842,501,20,small-world,0.5,0.4,1000
502,0.832716049382716,1.0,1.0,0.8,0.7185185185185186,0.6444444444444445,0.8,0.8619970815092766,502,20,small-world,0.5,0.4,2000
503,0.7815712682379348,1.0,1.0,1.0,0.6611111111111112,0.3074074074074074,0.37777777777777777,0.7976222250470908,503,20,small-world,0.5,0.4,5000
504,0.78662177328844,0.8888888888888886,0.4888888888888889,0.8,0.7288888888888888,0.3111111111111111,0.8,0.8094550384256266,504,20,small-world,0.5,0.4,10000
505,1.0,1.0,1.0,1.0,1.0,1.0,1.0,1.0,505,20,small-world,0.5,0.5,500
506,1.0,1.0,1.0,1.0,1.0,1.0,1.0,1.0,506,20,small-world,0.5,0.5,1000
507,1.0,1.0,1.0,1.0,1.0,1.0,1.0,1.0,507,20,small-world,0.5,0.5,2000
508,1.0,1.0,1.0,1.0,1.0,1.0,1.0,1.0,508,20,small-world,0.5,0.5,5000
509,1.0,1.0,1.0,1.0,1.0,1.0,1.0,1.0,509,20,small-world,0.5,0.5,10000
510,1.0,1.0,1.0,1.0,1.0,1.0,1.0,0.9616967394745173,510,20,small-world,1.0,0.0,500
511,0.9353535353535356,0.9644444444444444,0.6444444444444445,0.6444444444444445,1.0,1.0,1.0,0.9452991452991454,511,20,small-world,1.0,0.0,1000
512,1.0,1.0,1.0,1.0,1.0,1.0,1.0,1.0,512,20,small-world,1.0,0.0,2000
513,1.0,1.0,1.0,1.0,1.0,1.0,1.0,1.0,513,20,small-world,1.0,0.0,5000
514,1.0,1.0,1.0,1.0,1.0,1.0,1.0,1.0,514,20,small-world,1.0,0.0,10000
515,1.0,1.0,1.0,1.0,1.0,1.0,1.0,1.0,515,20,small-world,1.0,0.1,500
516,0.9636363636363638,0.9799999999999999,0.8,0.8,1.0,1.0,1.0,0.9599999999999999,516,20,small-world,1.0,0.1,1000
517,1.0,1.0,1.0,1.0,1.0,1.0,1.0,1.0,517,20,small-world,1.0,0.1,2000
518,0.9636363636363638,0.9799999999999999,0.8,0.8,1.0,1.0,1.0,0.9444609053497945,518,20,small-world,1.0,0.1,5000
519,1.0,1.0,1.0,1.0,1.0,1.0,1.0,1.0,519,20,small-world,1.0,0.1,10000
520,1.0,1.0,1.0,1.0,1.0,1.0,1.0,0.9384615384615386,520,20,small-world,1.0,0.2,500
521,1.0,1.0,1.0,1.0,1.0,1.0,1.0,1.0,521,20,small-world,1.0,0.2,1000
522,1.0,1.0,1.0,1.0,1.0,1.0,1.0,1.0,522,20,small-world,1.0,0.2,2000
523,1.0,1.0,1.0,1.0,1.0,1.0,1.0,1.0,523,20,small-world,1.0,0.2,5000
524,1.0,1.0,1.0,1.0,1.0,1.0,1.0,1.0,524,20,small-world,1.0,0.2,10000
525,1.0,1.0,1.0,1.0,1.0,1.0,1.0,0.8412745098039216,525,20,small-world,1.0,0.3,500
526,1.0,1.0,1.0,1.0,1.0,1.0,1.0,1.0,526,20,small-world,1.0,0.3,1000
527,1.0,1.0,1.0,1.0,1.0,1.0,1.0,1.0,527,20,small-world,1.0,0.3,2000
528,0.9676767676767676,1.0,1.0,1.0,1.0,1.0,0.6444444444444445,0.9333333333333331,528,20,small-world,1.0,0.3,5000
529,1.0,1.0,1.0,1.0,1.0,1.0,1.0,1.0,529,20,small-world,1.0,0.3,10000
530,0.9111111111111111,1.0,1.0,0.6444444444444445,1.0,1.0,1.0,0.9581699346405229,530,20,small-world,1.0,0.4,500
531,0.9580246913580245,0.9777777777777777,0.9,0.8,1.0,1.0,1.0,0.9555555555555556,531,20,small-world,1.0,0.4,1000
532,1.0,1.0,1.0,1.0,1.0,1.0,1.0,1.0,532,20,small-world,1.0,0.4,2000
533,1.0,1.0,1.0,1.0,1.0,1.0,1.0,1.0,533,20,small-world,1.0,0.4,5000
534,1.0,1.0,1.0,1.0,1.0,1.0,1.0,1.0,534,20,small-world,1.0,0.4,10000
535,1.0,1.0,1.0,1.0,1.0,1.0,1.0,1.0,535,20,small-world,1.0,0.5,500
536,1.0,1.0,1.0,1.0,1.0,1.0,1.0,1.0,536,20,small-world,1.0,0.5,1000
537,1.0,1.0,1.0,1.0,1.0,1.0,1.0,1.0,537,20,small-world,1.0,0.5,2000
538,1.0,1.0,1.0,1.0,1.0,1.0,1.0,1.0,538,20,small-world,1.0,0.5,5000
539,1.0,1.0,1.0,1.0,1.0,1.0,1.0,1.0,539,20,small-world,1.0,0.5,10000
540,0.8570931537598202,1.0,1.0,0.4888888888888889,0.9301587301587303,0.6333333333333333,1.0,0.737461687543431,540,30,ba,0.0,0.0,500
541,0.744736251402918,1.0,1.0,0.4888888888888889,0.8412698412698412,0.28888888888888886,0.6444444444444445,0.7660848455672026,541,30,ba,0.0,0.0,1000
542,0.6381480248146915,1.0,1.0,0.20925925925925926,0.8369047619047619,0.36296296296296293,0.35555555555555557,0.669387807715873,542,30,ba,0.0,0.0,2000
543,0.8502645502645502,1.0,1.0,0.8,0.9206349206349204,0.7222222222222222,0.6222222222222222,0.8673750499311581,543,30,ba,0.0,0.0,5000
544,0.8402557319223984,1.0,1.0,1.0,0.8626984126984126,0.5629629629629629,0.8,0.7588921427503366,544,30,ba,0.0,0.0,10000
545,0.9103174603174603,1.0,1.0,1.0,0.9103174603174603,0.4888888888888889,1.0,0.7678284719487618,545,30,ba,0.0,0.1,500
546,0.9140740740740739,1.0,1.0,0.7111111111111111,0.95,0.6222222222222222,1.0,0.8911553696847815,546,30,ba,0.0,0.1,1000
547,0.9001234567901234,1.0,1.0,1.0,0.9416666666666667,0.5333333333333333,0.6222222222222222,0.8486065952052095,547,30,ba,0.0,0.1,2000
548,0.8467724867724867,1.0,1.0,0.8,0.8873015873015874,0.3333333333333333,0.8,0.7264649198121483,548,30,ba,0.0,0.1,5000
549,0.9123456790123458,1.0,1.0,1.0,0.9333333333333333,0.4666666666666667,0.8,0.8029922860720977,549,30,ba,0.0,0.1,10000
550,0.7965608465608467,1.0,1.0,1.0,0.8325396825396826,0.26666666666666666,0.6222222222222222,0.7413377747547525,550,30,ba,0.0,0.2,500
551,0.9209876543209876,1.0,1.0,0.6444444444444445,0.9555555555555556,0.6444444444444445,1.0,0.8259606063308494,551,30,ba,0.0,0.2,1000
552,0.95,1.0,1.0,1.0,0.95,0.6222222222222222,1.0,0.9102031229836105,552,30,ba,0.0,0.2,2000
553,0.8596296296296297,1.0,1.0,0.4888888888888889,0.9166666666666666,0.4,1.0,0.7908266812657165,553,30,ba,0.0,0.2,5000
554,0.9172839506172838,1.0,1.0,0.6444444444444445,0.9555555555555556,0.6444444444444445,1.0,0.86875968180316,554,30,ba,0.0,0.2,10000
555,1.0,1.0,1.0,1.0,1.0,1.0,1.0,0.9878787878787878,555,30,ba,0.0,0.3,500
556,1.0,1.0,1.0,1.0,1.0,1.0,1.0,0.9882352941176469,556,30,ba,0.0,0.3,1000
557,0.9604938271604937,1.0,1.0,1.0,1.0,1.0,0.6444444444444445,0.9365666468607645,557,30,ba,0.0,0.3,2000
558,1.0,1.0,1.0,1.0,1.0,1.0,1.0,0.9377195377195376,558,30,ba,0.0,0.3,5000
559,0.8882716049382714,1.0,1.0,1.0,0.9051587301587303,0.4777777777777778,0.8,0.8581030406742644,559,30,ba,0.0,0.3,10000
560,0.6714814814814813,1.0,1.0,0.7203703703703703,0.6444444444444445,0.9555555555555556,1.0,0.8961664615341086,560,30,ba,0.0,0.4,500
561,0.95,1.0,1.0,1.0,0.95,0.9600000000000001,1.0,0.9771428571428572,561,30,ba,0.0,0.4,1000
562,0.7967548500881833,1.0,1.0,1.0,0.8126984126984125,0.45999999999999996,0.7111111111111111,0.8766858790054605,562,30,ba,0.0,0.4,2000
563,0.975,1.0,1.0,1.0,0.975,0.8,1.0,0.9722222222222222,563,30,ba,0.0,0.4,5000
564,1.0,1.0,1.0,1.0,1.0,1.0,1.0,0.9885714285714287,564,30,ba,0.0,0.4,10000
565,1.0,1.0,1.0,1.0,1.0,1.0,1.0,0.95,565,30,ba,0.0,0.5,500
566,1.0,1.0,1.0,1.0,1.0,1.0,1.0,1.0,566,30,ba,0.0,0.5,1000
567,1.0,1.0,1.0,1.0,1.0,1.0,1.0,1.0,567,30,ba,0.0,0.5,2000
568,1.0,1.0,1.0,1.0,1.0,1.0,1.0,1.0,568,30,ba,0.0,0.5,5000
569,1.0,1.0,1.0,1.0,1.0,1.0,1.0,1.0,569,30,ba,0.0,0.5,10000
570,0.6771380471380471,1.0,1.0,0.6222222222222222,0.5333333333333333,0.23518518518518516,0.4555555555555555,0.7611003441952606,570,30,ba,0.5,0.0,500
571,0.8502645502645502,1.0,1.0,1.0,0.7611111111111111,0.4074074074074074,0.6444444444444445,0.8375029145049785,571,30,ba,0.5,0.0,1000
572,0.7751763668430335,1.0,1.0,1.0,0.6703703703703703,0.47407407407407404,0.35555555555555557,0.7516006651223541,572,30,ba,0.5,0.0,2000
573,0.6823416706750041,1.0,1.0,0.8,0.4833333333333333,0.4259259259259259,0.35555555555555557,0.7252615663057753,573,30,ba,0.5,0.0,5000
574,0.8275308641975309,1.0,1.0,0.6222222222222222,0.8111111111111111,0.35555555555555557,0.6222222222222222,0.8741270685130332,574,30,ba,0.5,0.0,10000
575,0.7416666666666667,0.95,0.8,0.8,0.5333333333333333,0.6444444444444444,0.6222222222222222,0.8277142844223235,575,30,ba,0.5,0.1,500
576,0.8514550264550265,1.0,1.0,0.8,0.7425925925925926,0.3,1.0,0.8166889972125424,576,30,ba,0.5,0.1,1000
577,0.7478395061728396,1.0,1.0,1.0,0.6277777777777778,0.24629629629629626,0.28888888888888886,0.7956366017010222,577,30,ba,0.5,0.1,2000
578,0.7488928972262306,1.0,1.0,1.0,0.6592592592592593,0.5037037037037037,0.34444444444444444,0.8275330435417434,578,30,ba,0.5,0.1,5000
579,0.7775084175084176,0.95,0.8,0.8,0.7888888888888889,0.3888888888888889,0.36666666666666664,0.9018840297787668,579,30,ba,0.5,0.1,10000
580,0.8206790123456791,1.0,1.0,1.0,0.6777777777777778,0.17777777777777778,0.8,0.8575603568398444,580,30,ba,0.5,0.2,500
581,0.7541446208112875,1.0,1.0,1.0,0.5018518518518518,0.5296296296296296,0.6222222222222222,0.7562725244005364,581,30,ba,0.5,0.2,1000
582,0.805731922398589,1.0,1.0,1.0,0.6333333333333333,0.3259259259259259,0.8,0.8280896735623732,582,30,ba,0.5,0.2,2000
583,0.7608305274971943,0.95,0.8,0.8,0.6925925925925926,0.5259259259259259,0.6222222222222222,0.8545880713536748,583,30,ba,0.5,0.2,5000
584,0.7882227032227033,1.0,1.0,1.0,0.7092592592592593,0.28888888888888886,0.4666666666666667,0.7781368359070926,584,30,ba,0.5,0.2,10000
585,0.90515873015873,1.0,1.0,0.6444444444444445,0.8666666666666665,0.8074074074074074,1.0,0.9364438622237827,585,30,ba,0.5,0.3,500
586,0.9079365079365078,1.0,1.0,1.0,0.8074074074074074,0.5555555555555556,1.0,0.9215290478448375,586,30,ba,0.5,0.3,1000
587,0.8900793650793651,1.0,1.0,1.0,0.775925925925926,0.5037037037037037,1.0,0.906049270961552,587,30,ba,0.5,0.3,2000
588,0.8016313932980601,1.0,1.0,1.0,0.6388888888888888,0.4796296296296295,0.6222222222222222,0.8706841457441922,588,30,ba,0.5,0.3,5000
589,0.8111992945326278,1.0,1.0,1.0,0.6222222222222222,0.48148148148148145,0.8,0.849244815560605,589,30,ba,0.5,0.3,10000
590,0.8,0.8,0.95,1.0,1.0,1.0,1.0,0.9818181818181816,590,30,ba,0.5,0.4,500
591,1.0,1.0,1.0,1.0,1.0,1.0,1.0,1.0,591,30,ba,0.5,0.4,1000
592,0.7384920634920635,1.0,1.0,0.8222222222222222,0.5314814814814814,0.5444444444444444,0.8,0.8403528950469453,592,30,ba,0.5,0.4,2000
593,0.8436507936507935,1.0,1.0,1.0,0.662962962962963,0.41111111111111104,1.0,0.8861910214541793,593,30,ba,0.5,0.4,5000
594,0.8824074074074073,1.0,1.0,1.0,0.6925925925925926,0.6555555555555556,1.0,0.9112062771790508,594,30,ba,0.5,0.4,10000
595,1.0,1.0,1.0,1.0,1.0,1.0,1.0,1.0,595,30,ba,0.5,0.5,500
596,1.0,1.0,1.0,1.0,1.0,1.0,1.0,1.0,596,30,ba,0.5,0.5,1000
597,1.0,1.0,1.0,1.0,1.0,1.0,1.0,1.0,597,30,ba,0.5,0.5,2000
598,1.0,1.0,1.0,1.0,1.0,1.0,1.0,1.0,598,30,ba,0.5,0.5,5000
599,1.0,1.0,1.0,1.0,1.0,1.0,1.0,1.0,599,30,ba,0.5,0.5,10000
600,1.0,1.0,1.0,1.0,1.0,1.0,1.0,1.0,600,30,ba,1.0,0.0,500
601,1.0,1.0,1.0,1.0,1.0,1.0,1.0,0.975438596491228,601,30,ba,1.0,0.0,1000
602,1.0,1.0,1.0,1.0,1.0,1.0,1.0,0.9627284427284426,602,30,ba,1.0,0.0,2000
603,1.0,1.0,1.0,1.0,1.0,1.0,1.0,0.9784511784511785,603,30,ba,1.0,0.0,5000
604,1.0,1.0,1.0,1.0,1.0,1.0,1.0,0.9885714285714287,604,30,ba,1.0,0.0,10000
605,1.0,1.0,1.0,1.0,1.0,1.0,1.0,0.9694208494208495,605,30,ba,1.0,0.1,500
606,1.0,1.0,1.0,1.0,1.0,1.0,1.0,0.9581906836808797,606,30,ba,1.0,0.1,1000
607,1.0,1.0,1.0,1.0,1.0,1.0,1.0,1.0,607,30,ba,1.0,0.1,2000
608,0.9555555555555556,0.975,0.8,0.8,1.0,1.0,1.0,0.9555555555555556,608,30,ba,1.0,0.1,5000
609,1.0,1.0,1.0,1.0,1.0,1.0,1.0,0.9717171717171715,609,30,ba,1.0,0.1,10000
610,0.9777777777777777,1.0,1.0,0.8,1.0,1.0,1.0,0.9252290618144277,610,30,ba,1.0,0.2,500
611,1.0,1.0,1.0,1.0,1.0,1.0,1.0,0.9674696545284779,611,30,ba,1.0,0.2,1000
612,1.0,1.0,1.0,1.0,1.0,1.0,1.0,1.0,612,30,ba,1.0,0.2,2000
613,1.0,1.0,1.0,1.0,1.0,1.0,1.0,0.9784511784511785,613,30,ba,1.0,0.2,5000
614,1.0,1.0,1.0,1.0,1.0,1.0,1.0,0.9796825396825397,614,30,ba,1.0,0.2,10000
615,1.0,1.0,1.0,1.0,1.0,1.0,1.0,1.0,615,30,ba,1.0,0.3,500
616,1.0,1.0,1.0,1.0,1.0,1.0,1.0,1.0,616,30,ba,1.0,0.3,1000
617,1.0,1.0,1.0,1.0,1.0,1.0,1.0,0.9878787878787878,617,30,ba,1.0,0.3,2000
618,0.9604938271604938,1.0,1.0,1.0,1.0,1.0,0.6444444444444445,0.9693522093522092,618,30,ba,1.0,0.3,5000
619,1.0,1.0,1.0,1.0,1.0,1.0,1.0,1.0,619,30,ba,1.0,0.3,10000
620,1.0,1.0,1.0,1.0,1.0,1.0,1.0,1.0,620,30,ba,1.0,0.4,500
621,1.0,1.0,1.0,1.0,1.0,1.0,1.0,1.0,621,30,ba,1.0,0.4,1000
622,1.0,1.0,1.0,1.0,1.0,1.0,1.0,1.0,622,30,ba,1.0,0.4,2000
623,1.0,1.0,1.0,1.0,1.0,1.0,1.0,1.0,623,30,ba,1.0,0.4,5000
624,1.0,1.0,1.0,1.0,1.0,1.0,1.0,1.0,624,30,ba,1.0,0.4,10000
625,1.0,1.0,1.0,1.0,1.0,1.0,1.0,1.0,625,30,ba,1.0,0.5,500
626,1.0,1.0,1.0,1.0,1.0,1.0,1.0,1.0,626,30,ba,1.0,0.5,1000
627,1.0,1.0,1.0,1.0,1.0,1.0,1.0,1.0,627,30,ba,1.0,0.5,2000
628,1.0,1.0,1.0,1.0,1.0,1.0,1.0,1.0,628,30,ba,1.0,0.5,5000
629,1.0,1.0,1.0,1.0,1.0,1.0,1.0,1.0,629,30,ba,1.0,0.5,10000
630,0.547967402967403,1.0,1.0,0.8,0.690448933782267,0.2902645502645502,0.09518518518518518,0.6047597465609399,630,30,er,0.0,0.0,500
631,0.3390751786340021,1.0,1.0,0.6222222222222222,0.47743626743626744,0.30386243386243383,0.0044444444444444444,0.4617815541396365,631,30,er,0.0,0.0,1000
632,0.42027893493579765,1.0,1.0,0.14444444444444443,0.6167340067340067,0.3735097001763668,0.017407407407407406,0.5317485838163964,632,30,er,0.0,0.0,2000
633,0.27453117793417076,1.0,1.0,0.3333333333333333,0.4589730639730639,0.406931216931217,0.029100529100529102,0.4732585138908399,633,30,er,0.0,0.0,5000
634,0.3502072037391955,1.0,1.0,0.15555555555555556,0.6286812570145902,0.4888712522045855,0.029312169312169307,0.46602793134425347,634,30,er,0.0,0.0,10000
635,0.6740662423995757,1.0,1.0,0.4666666666666667,0.7580920314253647,0.3343915343915344,0.3333333333333333,0.7409857661097506,635,30,er,0.0,0.1,500
636,0.4282909450943507,1.0,1.0,0.4888888888888889,0.5583950617283951,0.30487654320987656,0.03333333333333333,0.5371090936241532,636,30,er,0.0,0.1,1000
637,0.45849449751410537,1.0,1.0,0.4111111111111111,0.6028114478114479,0.324700176366843,0.07481481481481482,0.5425800429624033,637,30,er,0.0,0.1,2000
638,0.535318258357474,1.0,1.0,0.6222222222222222,0.7563075196408531,0.4146560846560847,0.07296296296296297,0.6830656588807089,638,30,er,0.0,0.1,5000
639,0.5250836944464397,1.0,1.0,0.3333333333333333,0.7153030303030303,0.3193121693121693,0.014814814814814814,0.5838105001672871,639,30,er,0.0,0.1,10000
640,0.7316032116032116,1.0,1.0,1.0,0.7427272727272727,0.0874074074074074,0.8,0.716031499869495,640,30,er,0.0,0.2,500
641,0.9525252525252523,1.0,1.0,1.0,0.9525252525252523,0.5666666666666667,1.0,0.9210434169935021,641,30,er,0.0,0.2,1000
642,0.9555555555555554,1.0,1.0,1.0,0.9555555555555554,0.4666666666666667,1.0,0.9220217391304348,642,30,er,0.0,0.2,2000
643,0.9387464387464386,1.0,1.0,0.8,0.9537037037037035,0.4888888888888889,1.0,0.8507242117974413,643,30,er,0.0,0.2,5000
644,0.9387464387464386,1.0,1.0,1.0,0.9537037037037036,0.4888888888888889,0.8,0.9260187602590744,644,30,er,0.0,0.2,10000
645,0.6740478040478041,1.0,1.0,0.35555555555555557,0.7695230078563412,0.45629629629629626,0.35555555555555557,0.7240319573086833,645,30,er,0.0,0.3,500
646,1.0,1.0,1.0,1.0,1.0,1.0,1.0,1.0,646,30,er,0.0,0.3,1000
647,1.0,1.0,1.0,1.0,1.0,1.0,1.0,0.971240065976908,647,30,er,0.0,0.3,2000
648,0.9387464387464386,1.0,1.0,0.8,0.9537037037037036,0.4888888888888889,1.0,0.93243299584763,648,30,er,0.0,0.3,5000
649,0.9833333333333333,1.0,1.0,1.0,0.9833333333333333,0.8,1.0,0.9794871794871796,649,30,er,0.0,0.3,10000
650,0.8074074074074074,1.0,1.0,0.8,0.9,0.9818181818181819,1.0,0.8743710596201016,650,30,er,0.0,0.4,500
651,0.8598204264870931,1.0,1.0,0.8,0.9055555555555556,0.8668783068783068,0.8,0.8832159133766241,651,30,er,0.0,0.4,1000
652,0.8416161616161615,1.0,1.0,1.0,0.8416161616161615,0.5111111111111111,1.0,0.867948614607003,652,30,er,0.0,0.4,2000
653,0.6965406198739532,1.0,1.0,1.0,0.7361447811447813,0.45814814814814825,0.43333333333333335,0.7257187584356249,653,30,er,0.0,0.4,5000
654,1.0,1.0,1.0,1.0,1.0,1.0,1.0,1.0,654,30,er,0.0,0.4,10000
655,0.6444444444444445,1.0,1.0,0.6444444444444445,1.0,1.0,1.0,0.9525925925925927,655,30,er,0.0,0.5,500
656,1.0,1.0,1.0,1.0,1.0,1.0,1.0,1.0,656,30,er,0.0,0.5,1000
657,1.0,1.0,1.0,1.0,1.0,1.0,1.0,0.9666666666666667,657,30,er,0.0,0.5,2000
658,1.0,1.0,1.0,1.0,1.0,1.0,1.0,1.0,658,30,er,0.0,0.5,5000
659,1.0,1.0,1.0,1.0,1.0,1.0,1.0,1.0,659,30,er,0.0,0.5,10000
660,0.5889968637027461,0.8725925925925926,0.6296296296296297,0.6222222222222222,0.5288888888888889,0.2803703703703703,0.3387301587301587,0.6302412668986332,660,30,er,0.5,0.0,500
661,0.7453633077162488,1.0,1.0,0.8,0.745925925925926,0.337037037037037,0.05185185185185184,0.6988179059903793,661,30,er,0.5,0.0,1000
662,0.6917042217042219,0.9222222222222223,0.5333333333333333,1.0,0.6688888888888889,0.34814814814814815,0.2,0.7486404334849207,662,30,er,0.5,0.0,2000
663,0.5860378510378511,0.9333333333333335,0.6222222222222222,0.6222222222222222,0.5207407407407407,0.35111111111111115,0.07962962962962963,0.6089197305952171,663,30,er,0.5,0.0,5000
664,0.5736314012784602,0.9333333333333333,0.6222222222222222,0.6222222222222222,0.5351851851851852,0.37074074074074076,0.03777777777777778,0.5978907783132227,664,30,er,0.5,0.0,10000
665,0.7746385640503288,0.9222222222222223,0.5333333333333333,0.8,0.7562962962962962,0.2611111111111111,0.3703703703703703,0.798519194260381,665,30,er,0.5,0.1,500
666,0.7317419617419617,0.9333333333333335,0.6222222222222222,0.8,0.7096296296296297,0.2037037037037037,0.17777777777777778,0.786255176232753,666,30,er,0.5,0.1,1000
667,0.6187922262922263,0.9333333333333333,0.8,1.0,0.5551851851851852,0.29148148148148145,0.04703703703703704,0.6712740222605172,667,30,er,0.5,0.1,2000
668,0.6638505938505941,0.9074074074074077,0.4888888888888889,0.4666666666666667,0.6485185185185186,0.3618518518518518,0.15185185185185185,0.6613900716464075,668,30,er,0.5,0.1,5000
669,0.704471916971917,0.9333333333333333,0.6222222222222222,0.8,0.68,0.1759259259259259,0.14444444444444443,0.7526144862448998,669,30,er,0.5,0.1,10000
670,0.832010582010582,0.9666666666666668,0.8,1.0,0.7866666666666668,0.4111111111111111,0.4666666666666667,0.8544606488949891,670,30,er,0.5,0.2,500
671,0.7905594405594407,1.0,1.0,1.0,0.6788888888888889,0.33518518518518514,0.3333333333333333,0.8025995193413841,671,30,er,0.5,0.2,1000
672,0.7549605949605951,0.9333333333333335,0.6222222222222222,0.8,0.7029629629629629,0.2648148148148148,0.3333333333333333,0.7575155973561146,672,30,er,0.5,0.2,2000
673,0.6014788914788916,0.940740740740741,0.6444444444444445,1.0,0.5040740740740741,0.404074074074074,0.044444444444444446,0.6812512252721796,673,30,er,0.5,0.2,5000
674,0.7272608872608873,0.9666666666666667,0.8,1.0,0.66,0.18888888888888888,0.14074074074074072,0.7888043973238517,674,30,er,0.5,0.2,10000
675,0.9113960113960112,1.0,1.0,1.0,0.8488888888888889,0.3333333333333333,0.8,0.8947175200145537,675,30,er,0.5,0.3,500
676,0.8710049210049209,0.940740740740741,0.6444444444444445,0.8,0.8274074074074075,0.2777777777777778,1.0,0.7894783589080898,676,30,er,0.5,0.3,1000
677,0.8333903133903136,1.0,1.0,1.0,0.6959259259259261,0.2888888888888889,0.6444444444444445,0.8395919037621163,677,30,er,0.5,0.3,2000
678,0.7287826987826987,0.9074074074074077,0.4888888888888889,0.8,0.6533333333333334,0.5351851851851851,0.4,0.7280181348786695,678,30,er,0.5,0.3,5000
679,0.8064990564990563,1.0,1.0,1.0,0.7051851851851852,0.2222222222222222,0.3333333333333333,0.786298379161647,679,30,er,0.5,0.3,10000
680,0.7888888888888888,1.0,1.0,1.0,0.8,0.9666666666666668,0.6444444444444445,0.9284637681159421,680,30,er,0.5,0.4,500
681,0.7577777777777778,1.0,1.0,1.0,0.6944444444444444,0.6866666666666668,1.0,0.8276520809969087,681,30,er,0.5,0.4,1000
682,0.8694897694897696,1.0,1.0,0.4666666666666667,0.8392592592592593,0.6074074074074074,0.8,0.8855736224028905,682,30,er,0.5,0.4,2000
683,0.9444444444444443,1.0,1.0,1.0,0.8888888888888891,0.4888888888888889,1.0,0.9255256343018431,683,30,er,0.5,0.4,5000
684,0.9333333333333333,1.0,1.0,1.0,0.8577777777777775,0.5703703703703703,1.0,0.9390857534350856,684,30,er,0.5,0.4,10000
685,0.6444444444444445,1.0,1.0,0.6444444444444445,1.0,1.0,1.0,0.8962962962962964,685,30,er,0.5,0.5,500
686,1.0,1.0,1.0,1.0,1.0,1.0,1.0,1.0,686,30,er,0.5,0.5,1000
687,0.8,1.0,1.0,0.8,1.0,1.0,1.0,0.9600000000000001,687,30,er,0.5,0.5,2000
688,1.0,1.0,1.0,1.0,1.0,1.0,1.0,1.0,688,30,er,0.5,0.5,5000
689,1.0,1.0,1.0,1.0,1.0,1.0,1.0,1.0,689,30,er,0.5,0.5,10000
690,0.9404558404558404,0.9535353535353535,0.6333333333333333,0.8,1.0,1.0,1.0,0.92948909383692,690,30,er,1.0,0.0,500
691,0.8864875864875864,0.9537037037037035,0.4888888888888889,0.4888888888888889,1.0,1.0,0.5333333333333333,0.905941352958897,691,30,er,1.0,0.0,1000
692,0.9833333333333333,0.9833333333333333,0.8,1.0,1.0,1.0,1.0,0.9804878048780489,692,30,er,1.0,0.0,2000
693,0.9538461538461536,0.9666666666666668,0.8,0.8,1.0,1.0,1.0,0.9627906976744185,693,30,er,1.0,0.0,5000
694,0.9833333333333333,0.9833333333333333,0.8,1.0,1.0,1.0,1.0,0.9804878048780489,694,30,er,1.0,0.0,10000
695,0.8963695563695562,0.9537037037037035,0.4444444444444444,0.6222222222222222,1.0,1.0,0.7629629629629628,0.8622099335538664,695,30,er,1.0,0.1,500
696,1.0,1.0,1.0,1.0,1.0,1.0,1.0,0.9817663817663819,696,30,er,1.0,0.1,1000
697,0.9833333333333333,0.9833333333333333,0.8,1.0,1.0,1.0,1.0,0.98,697,30,er,1.0,0.1,2000
698,0.9611111111111109,0.9611111111111109,0.5333333333333333,1.0,1.0,1.0,1.0,0.9521367521367522,698,30,er,1.0,0.1,5000
699,0.9692307692307693,0.9833333333333333,0.8,0.8,1.0,1.0,1.0,0.9675675675675676,699,30,er,1.0,0.1,10000
700,0.9241514041514042,0.9833333333333333,0.8,1.0,1.0,1.0,0.6,0.9124546766272101,700,30,er,1.0,0.2,500
701,0.9833333333333332,0.9833333333333332,0.8,1.0,1.0,1.0,1.0,0.9582111191867291,701,30,er,1.0,0.2,1000
702,0.9364672364672365,0.9703703703703701,0.6444444444444445,0.5333333333333333,1.0,1.0,1.0,0.8995805862495416,702,30,er,1.0,0.2,2000
703,1.0,1.0,1.0,1.0,1.0,1.0,1.0,1.0,703,30,er,1.0,0.2,5000
704,1.0,1.0,1.0,1.0,1.0,1.0,1.0,1.0,704,30,er,1.0,0.2,10000
705,1.0,1.0,1.0,1.0,1.0,1.0,1.0,1.0,705,30,er,1.0,0.3,500
706,1.0,1.0,1.0,1.0,1.0,1.0,1.0,0.9516811137378514,706,30,er,1.0,0.3,1000
707,0.9692307692307693,0.9833333333333333,0.8,0.8,1.0,1.0,1.0,0.9516188846098986,707,30,er,1.0,0.3,2000
708,0.9464387464387463,0.9611111111111109,0.5333333333333333,0.8,1.0,1.0,1.0,0.9392120075046906,708,30,er,1.0,0.3,5000
709,0.9833333333333333,0.9833333333333333,0.8,1.0,1.0,1.0,1.0,0.9534477566997893,709,30,er,1.0,0.3,10000
710,1.0,1.0,1.0,1.0,1.0,1.0,1.0,0.9625730994152045,710,30,er,1.0,0.4,500
711,0.9833333333333333,0.9833333333333333,0.8,1.0,1.0,1.0,1.0,0.9885714285714287,711,30,er,1.0,0.4,1000
712,1.0,1.0,1.0,1.0,1.0,1.0,1.0,0.9891891891891891,712,30,er,1.0,0.4,2000
713,1.0,1.0,1.0,1.0,1.0,1.0,1.0,1.0,713,30,er,1.0,0.4,5000
714,1.0,1.0,1.0,1.0,1.0,1.0,1.0,0.9760683760683762,714,30,er,1.0,0.4,10000
715,0.9,1.0,1.0,0.9,1.0,1.0,1.0,0.9636363636363635,715,30,er,1.0,0.5,500
716,1.0,1.0,1.0,1.0,1.0,1.0,1.0,1.0,716,30,er,1.0,0.5,1000
717,1.0,1.0,1.0,1.0,1.0,1.0,1.0,1.0,717,30,er,1.0,0.5,2000
718,1.0,1.0,1.0,1.0,1.0,1.0,1.0,1.0,718,30,er,1.0,0.5,5000
719,1.0,1.0,1.0,1.0,1.0,1.0,1.0,1.0,719,30,er,1.0,0.5,10000
720,0.31115147742598714,1.0,1.0,1.0,0.5512786596119928,0.31820105820105815,0.08391534391534392,0.5003619098661009,720,30,small-world,0.0,0.0,500
721,0.2507966107966108,1.0,1.0,0.6444444444444445,0.4174603174603174,0.49500000000000005,0.03486772486772486,0.47455204235691517,721,30,small-world,0.0,0.0,1000
722,0.9263299663299663,1.0,1.0,1.0,0.975,0.9,0.6222222222222222,0.8198285869724332,722,30,small-world,0.0,0.0,2000
723,0.2336512388731171,1.0,1.0,0.3,0.45486772486772487,0.4908465608465609,0.06348349181682515,0.39205850381484564,723,30,small-world,0.0,0.0,5000
724,0.2012012287296085,1.0,1.0,0.2759259259259259,0.36603174603174593,0.489215167548501,0.09221821388488056,0.4713649736734483,724,30,small-world,0.0,0.0,10000
725,0.5093374472296041,1.0,1.0,1.0,0.6712522045855379,0.23296296296296296,0.31107583774250447,0.626994672008556,725,30,small-world,0.0,0.1,500
726,0.8618181818181819,1.0,1.0,0.8,0.9777777777777776,0.8,0.26666666666666666,0.8502897367280856,726,30,small-world,0.0,0.1,1000
727,0.8315824915824914,1.0,1.0,0.6444444444444445,0.9481481481481481,0.5333333333333333,0.28888888888888886,0.7961574258794444,727,30,small-world,0.0,0.1,2000
728,0.7388707588707588,1.0,1.0,0.37777777777777777,0.9175925925925924,0.43333333333333335,0.08888888888888889,0.7316357929935005,728,30,small-world,0.0,0.1,5000
729,0.7995978095978097,1.0,1.0,1.0,0.9777777777777777,0.8,0.07222222222222222,0.73443682426768,729,30,small-world,0.0,0.1,10000
730,0.860909090909091,1.0,1.0,1.0,0.9555555555555556,0.8,0.4111111111111111,0.827093198893264,730,30,small-world,0.0,0.2,500
731,0.8845791245791247,1.0,1.0,1.0,0.9333333333333333,0.6222222222222222,0.4888888888888889,0.8824368782859349,731,30,small-world,0.0,0.2,1000
732,0.9799999999999999,1.0,1.0,1.0,1.0,1.0,0.8,0.886973011662667,732,30,small-world,0.0,0.2,2000
733,0.9604040404040403,1.0,1.0,1.0,1.0,1.0,0.6222222222222222,0.8664962510885914,733,30,small-world,0.0,0.2,5000
734,0.941212121212121,1.0,1.0,1.0,1.0,1.0,0.4666666666666667,0.8891629049476766,734,30,small-world,0.0,0.2,10000
735,0.6520426487093155,1.0,1.0,1.0,0.7004850088183421,0.14962962962962964,0.35555555555555557,0.7201339057213028,735,30,small-world,0.0,0.3,500
736,0.8426543209876541,1.0,1.0,1.0,0.859479717813051,0.3888888888888889,0.8,0.8742488307226907,736,30,small-world,0.0,0.3,1000
737,1.0,1.0,1.0,1.0,1.0,1.0,1.0,0.96596267348547,737,30,small-world,0.0,0.3,2000
738,0.9604040404040404,1.0,1.0,1.0,1.0,1.0,0.6222222222222222,0.9169171419875576,738,30,small-world,0.0,0.3,5000
739,1.0,1.0,1.0,1.0,1.0,1.0,1.0,0.9333412472301365,739,30,small-world,0.0,0.3,10000
740,1.0,1.0,1.0,1.0,1.0,1.0,1.0,0.8549010325377716,740,30,small-world,0.0,0.4,500
741,0.8755555555555555,1.0,1.0,1.0,0.8488888888888889,0.8755555555555554,1.0,0.9322102174203015,741,30,small-world,0.0,0.4,1000
742,0.9058585858585859,1.0,1.0,0.5333333333333333,1.0,1.0,0.4444444444444444,0.911331483194573,742,30,small-world,0.0,0.4,2000
743,1.0,1.0,1.0,1.0,1.0,1.0,1.0,0.9586734693877553,743,30,small-world,0.0,0.4,5000
744,1.0,1.0,1.0,1.0,1.0,1.0,1.0,1.0,744,30,small-world,0.0,0.4,10000
745,1.0,1.0,1.0,1.0,1.0,1.0,1.0,1.0,745,30,small-world,0.0,0.5,500
746,1.0,1.0,1.0,1.0,1.0,1.0,1.0,1.0,746,30,small-world,0.0,0.5,1000
747,1.0,1.0,1.0,1.0,1.0,1.0,1.0,1.0,747,30,small-world,0.0,0.5,2000
748,1.0,1.0,1.0,1.0,1.0,1.0,1.0,1.0,748,30,small-world,0.0,0.5,5000
749,1.0,1.0,1.0,1.0,1.0,1.0,1.0,1.0,749,30,small-world,0.0,0.5,10000
750,0.6041696575029909,1.0,1.0,1.0,0.5192592592592592,0.2048148148148148,0.08962962962962963,0.660210297126704,750,30,small-world,0.5,0.0,500
751,0.456885706885707,0.95,0.8,0.3333333333333333,0.3592592592592592,0.3685185185185186,0.18137566137566136,0.5386846319076766,751,30,small-world,0.5,0.0,1000
752,0.6140092006758674,0.95,0.8,0.8,0.5777777777777778,0.15,0.07777777777777778,0.6934054465579267,752,30,small-world,0.5,0.0,2000
753,0.5416722783389452,0.9111111111111111,0.6444444444444445,0.4888888888888889,0.5577777777777778,0.46851851851851856,0.059259259259259255,0.6535463849638158,753,30,small-world,0.5,0.0,5000
754,0.5199301932635266,1.0,1.0,0.6222222222222222,0.4511111111111112,0.3018518518518518,0.027777777777777776,0.6290342592648648,754,30,small-world,0.5,0.0,10000
755,0.8022878356211689,1.0,1.0,1.0,0.8077777777777778,0.34444444444444444,0.3333333333333333,0.8021449297611867,755,30,small-world,0.5,0.1,500
756,0.5944409911076578,0.95,0.8,0.6222222222222222,0.618888888888889,0.14444444444444443,0.1296296296296296,0.6623977920205938,756,30,small-world,0.5,0.1,1000
757,0.6814029180695846,1.0,1.0,1.0,0.668888888888889,0.2907407407407407,0.11851851851851851,0.7115355937293054,757,30,small-world,0.5,0.1,2000
758,0.695628507295174,1.0,1.0,1.0,0.62,0.2,0.15555555555555556,0.7403672973214248,758,30,small-world,0.5,0.1,5000
759,0.8034904601571269,1.0,1.0,1.0,0.7555555555555555,0.2222222222222222,0.4666666666666667,0.800118254287544,759,30,small-world,0.5,0.1,10000
760,0.6518837952171286,1.0,1.0,1.0,0.6033333333333334,0.32592592592592595,0.2148148148148148,0.7380399599739129,760,30,small-world,0.5,0.2,500
761,0.8638183421516755,1.0,1.0,1.0,0.8392592592592593,0.7407407407407406,0.4888888888888889,0.8293202752434622,761,30,small-world,0.5,0.2,1000
762,0.8299775533108866,1.0,1.0,1.0,0.7777777777777779,0.3703703703703704,0.4888888888888889,0.8385166563507263,762,30,small-world,0.5,0.2,2000
763,0.7866217732884399,1.0,1.0,1.0,0.7033333333333335,0.25,0.4777777777777778,0.8066785812011418,763,30,small-world,0.5,0.2,5000
764,0.7726823793490462,1.0,1.0,1.0,0.8300000000000001,0.6407407407407408,0.13333333333333333,0.802600142373255,764,30,small-world,0.5,0.2,10000
765,0.8594388327721662,1.0,1.0,1.0,0.8222222222222222,0.5037037037037037,0.6222222222222222,0.8642419471018112,765,30,small-world,0.5,0.3,500
766,0.8559523809523809,1.0,1.0,0.8,0.7455555555555555,0.6925925925925925,1.0,0.8418503472103924,766,30,small-world,0.5,0.3,1000
767,0.8905050505050502,1.0,1.0,1.0,0.8488888888888888,0.4888888888888889,0.7111111111111111,0.8547096743731573,767,30,small-world,0.5,0.3,2000
768,0.8745454545454542,1.0,1.0,0.8,0.8333333333333331,0.4962962962962963,0.8,0.8704817450181436,768,30,small-world,0.5,0.3,5000
769,0.8528395061728398,1.0,1.0,1.0,0.7822222222222222,0.36296296296296304,0.6444444444444445,0.8710693597590151,769,30,small-world,0.5,0.3,10000
770,0.9714285714285714,0.95,0.8,1.0,1.0,1.0,1.0,0.9385693385693384,770,30,small-world,0.5,0.4,500
771,0.9714285714285713,1.0,1.0,1.0,0.9333333333333331,0.9333333333333331,1.0,0.8895665961945031,771,30,small-world,0.5,0.4,1000
772,0.9380246913580244,1.0,1.0,1.0,0.9199999999999998,0.6222222222222222,0.8,0.9422059422059422,772,30,small-world,0.5,0.4,2000
773,0.7839506172839504,1.0,1.0,1.0,0.674074074074074,0.674074074074074,0.35555555555555557,0.8509216318226328,773,30,small-world,0.5,0.4,5000
774,0.7954585537918869,1.0,1.0,1.0,0.5914814814814815,0.3722222222222221,1.0,0.8894109797238571,774,30,small-world,0.5,0.4,10000
775,1.0,1.0,1.0,1.0,1.0,1.0,1.0,1.0,775,30,small-world,0.5,0.5,500
776,1.0,1.0,1.0,1.0,1.0,1.0,1.0,1.0,776,30,small-world,0.5,0.5,1000
777,1.0,1.0,1.0,1.0,1.0,1.0,1.0,1.0,777,30,small-world,0.5,0.5,2000
778,1.0,1.0,1.0,1.0,1.0,1.0,1.0,1.0,778,30,small-world,0.5,0.5,5000
779,1.0,1.0,1.0,1.0,1.0,1.0,1.0,1.0,779,30,small-world,0.5,0.5,10000
780,0.9234343434343436,1.0,1.0,1.0,1.0,1.0,0.4888888888888889,0.8866114202100137,780,30,small-world,1.0,0.0,500
781,0.8988111888111886,1.0,1.0,0.8,1.0,1.0,0.5333333333333333,0.8328934206566809,781,30,small-world,1.0,0.0,1000
782,1.0,1.0,1.0,1.0,1.0,1.0,1.0,0.9257772351105684,782,30,small-world,1.0,0.0,2000
783,0.9799999999999999,1.0,1.0,1.0,1.0,1.0,0.8,0.8852239381193455,783,30,small-world,1.0,0.0,5000
784,1.0,1.0,1.0,1.0,1.0,1.0,1.0,0.8877136473367397,784,30,small-world,1.0,0.0,10000
785,0.9799999999999999,1.0,1.0,1.0,1.0,1.0,0.8,0.8907373156518171,785,30,small-world,1.0,0.1,500
786,0.9799999999999999,1.0,1.0,1.0,1.0,1.0,0.8,0.8703572564088227,786,30,small-world,1.0,0.1,1000
787,0.9636363636363638,1.0,1.0,1.0,1.0,1.0,0.8,0.8992802433872527,787,30,small-world,1.0,0.1,2000
788,0.9604040404040404,1.0,1.0,1.0,1.0,1.0,0.6222222222222222,0.8590283931256377,788,30,small-world,1.0,0.1,5000
789,1.0,1.0,1.0,1.0,1.0,1.0,1.0,0.8994736954545381,789,30,small-world,1.0,0.1,10000
790,0.9466666666666667,1.0,1.0,1.0,1.0,1.0,0.4666666666666667,0.8599551489504821,790,30,small-world,1.0,0.2,500
791,1.0,1.0,1.0,1.0,1.0,1.0,1.0,0.9275407714964107,791,30,small-world,1.0,0.2,1000
792,0.9799999999999999,1.0,1.0,1.0,1.0,1.0,0.8,0.914772868175384,792,30,small-world,1.0,0.2,2000
793,0.9604040404040404,1.0,1.0,1.0,1.0,1.0,0.6222222222222222,0.9101481481481483,793,30,small-world,1.0,0.2,5000
794,0.9604040404040404,1.0,1.0,1.0,1.0,1.0,0.6222222222222222,0.8076955762660164,794,30,small-world,1.0,0.2,10000
795,0.9452525252525253,1.0,1.0,0.8,1.0,1.0,0.6444444444444445,0.9088744588744587,795,30,small-world,1.0,0.3,500
796,0.9644444444444442,1.0,1.0,1.0,1.0,1.0,0.6444444444444445,0.9617920227920229,796,30,small-world,1.0,0.3,1000
797,0.9799999999999999,1.0,1.0,1.0,1.0,1.0,0.8,0.9518233618233621,797,30,small-world,1.0,0.3,2000
798,0.98,1.0,1.0,1.0,1.0,1.0,0.8,0.9431513137068694,798,30,small-world,1.0,0.3,5000
799,1.0,1.0,1.0,1.0,1.0,1.0,1.0,0.9154397865508979,799,30,small-world,1.0,0.3,10000
800,0.9,1.0,1.0,0.8,1.0,1.0,1.0,0.9739130434782609,800,30,small-world,1.0,0.4,500
801,1.0,1.0,1.0,1.0,1.0,1.0,1.0,0.9312215515451107,801,30,small-world,1.0,0.4,1000
802,0.9599999999999997,0.9777777777777776,0.8,1.0,1.0,1.0,0.8,0.9579710144927537,802,30,small-world,1.0,0.4,2000
803,1.0,1.0,1.0,1.0,1.0,1.0,1.0,1.0,803,30,small-world,1.0,0.4,5000
804,1.0,1.0,1.0,1.0,1.0,1.0,1.0,0.9638548752834467,804,30,small-world,1.0,0.4,10000
805,0.8,1.0,1.0,0.8,1.0,1.0,1.0,0.9666666666666667,805,30,small-world,1.0,0.5,500
806,1.0,1.0,1.0,1.0,1.0,1.0,1.0,1.0,806,30,small-world,1.0,0.5,1000
807,1.0,1.0,1.0,1.0,1.0,1.0,1.0,1.0,807,30,small-world,1.0,0.5,2000
808,1.0,1.0,1.0,1.0,1.0,1.0,1.0,1.0,808,30,small-world,1.0,0.5,5000
809,1.0,1.0,1.0,1.0,1.0,1.0,1.0,1.0,809,30,small-world,1.0,0.5,10000
