i,family,syn_cutoff,target_mi,pair_probs,num_vars
0,er,0.4,0.31699250014423125,0.4,10
1,er,0.4,0.31699250014423125,0.5,10
2,er,0.4,0.31699250014423125,0.6,10
3,er,0.4,0.31699250014423125,0.7,10
4,er,0.4,0.4754887502163468,0.4,10
5,er,0.4,0.4754887502163468,0.5,10
6,er,0.4,0.4754887502163468,0.6,10
7,er,0.4,0.4754887502163468,0.7,10
8,er,0.4,0.6339850002884625,0.4,10
9,er,0.4,0.6339850002884625,0.5,10
10,er,0.4,0.6339850002884625,0.6,10
11,er,0.4,0.6339850002884625,0.7,10
12,er,0.4,0.792481250360578,0.4,10
13,er,0.4,0.792481250360578,0.5,10
14,er,0.4,0.792481250360578,0.6,10
15,er,0.4,0.792481250360578,0.7,10
16,er,0.4,0.9509775004326936,0.4,10
17,er,0.4,0.9509775004326936,0.5,10
18,er,0.4,0.9509775004326936,0.6,10
19,er,0.4,0.9509775004326936,0.7,10
20,er,0.5,0.31699250014423125,0.4,10
21,er,0.5,0.31699250014423125,0.5,10
22,er,0.5,0.31699250014423125,0.6,10
23,er,0.5,0.31699250014423125,0.7,10
24,er,0.5,0.4754887502163468,0.4,10
25,er,0.5,0.4754887502163468,0.5,10
26,er,0.5,0.4754887502163468,0.6,10
27,er,0.5,0.4754887502163468,0.7,10
28,er,0.5,0.6339850002884625,0.4,10
29,er,0.5,0.6339850002884625,0.5,10
30,er,0.5,0.6339850002884625,0.6,10
31,er,0.5,0.6339850002884625,0.7,10
32,er,0.5,0.792481250360578,0.4,10
33,er,0.5,0.792481250360578,0.5,10
34,er,0.5,0.792481250360578,0.6,10
35,er,0.5,0.792481250360578,0.7,10
36,er,0.5,0.9509775004326936,0.4,10
37,er,0.5,0.9509775004326936,0.5,10
38,er,0.5,0.9509775004326936,0.6,10
39,er,0.5,0.9509775004326936,0.7,10
40,er,0.6,0.31699250014423125,0.4,10
41,er,0.6,0.31699250014423125,0.5,10
42,er,0.6,0.31699250014423125,0.6,10
43,er,0.6,0.31699250014423125,0.7,10
44,er,0.6,0.4754887502163468,0.4,10
45,er,0.6,0.4754887502163468,0.5,10
46,er,0.6,0.4754887502163468,0.6,10
47,er,0.6,0.4754887502163468,0.7,10
48,er,0.6,0.6339850002884625,0.4,10
49,er,0.6,0.6339850002884625,0.5,10
50,er,0.6,0.6339850002884625,0.6,10
51,er,0.6,0.6339850002884625,0.7,10
52,er,0.6,0.792481250360578,0.4,10
53,er,0.6,0.792481250360578,0.5,10
54,er,0.6,0.792481250360578,0.6,10
55,er,0.6,0.792481250360578,0.7,10
56,er,0.6,0.9509775004326936,0.4,10
57,er,0.6,0.9509775004326936,0.5,10
58,er,0.6,0.9509775004326936,0.6,10
59,er,0.6,0.9509775004326936,0.7,10
60,er,0.7,0.31699250014423125,0.4,10
61,er,0.7,0.31699250014423125,0.5,10
62,er,0.7,0.31699250014423125,0.6,10
63,er,0.7,0.31699250014423125,0.7,10
64,er,0.7,0.4754887502163468,0.4,10
65,er,0.7,0.4754887502163468,0.5,10
66,er,0.7,0.4754887502163468,0.6,10
67,er,0.7,0.4754887502163468,0.7,10
68,er,0.7,0.6339850002884625,0.4,10
69,er,0.7,0.6339850002884625,0.5,10
70,er,0.7,0.6339850002884625,0.6,10
71,er,0.7,0.6339850002884625,0.7,10
72,er,0.7,0.792481250360578,0.4,10
73,er,0.7,0.792481250360578,0.5,10
74,er,0.7,0.792481250360578,0.6,10
75,er,0.7,0.792481250360578,0.7,10
76,er,0.7,0.9509775004326936,0.4,10
77,er,0.7,0.9509775004326936,0.5,10
78,er,0.7,0.9509775004326936,0.6,10
79,er,0.7,0.9509775004326936,0.7,10
80,er,0.4,0.31699250014423125,0.4,20
81,er,0.4,0.31699250014423125,0.5,20
82,er,0.4,0.31699250014423125,0.6,20
83,er,0.4,0.31699250014423125,0.7,20
84,er,0.4,0.4754887502163468,0.4,20
85,er,0.4,0.4754887502163468,0.5,20
86,er,0.4,0.4754887502163468,0.6,20
87,er,0.4,0.4754887502163468,0.7,20
88,er,0.4,0.6339850002884625,0.4,20
89,er,0.4,0.6339850002884625,0.5,20
90,er,0.4,0.6339850002884625,0.6,20
91,er,0.4,0.6339850002884625,0.7,20
92,er,0.4,0.792481250360578,0.4,20
93,er,0.4,0.792481250360578,0.5,20
94,er,0.4,0.792481250360578,0.6,20
95,er,0.4,0.792481250360578,0.7,20
96,er,0.4,0.9509775004326936,0.4,20
97,er,0.4,0.9509775004326936,0.5,20
98,er,0.4,0.9509775004326936,0.6,20
99,er,0.4,0.9509775004326936,0.7,20
100,er,0.5,0.31699250014423125,0.4,20
101,er,0.5,0.31699250014423125,0.5,20
102,er,0.5,0.31699250014423125,0.6,20
103,er,0.5,0.31699250014423125,0.7,20
104,er,0.5,0.4754887502163468,0.4,20
105,er,0.5,0.4754887502163468,0.5,20
106,er,0.5,0.4754887502163468,0.6,20
107,er,0.5,0.4754887502163468,0.7,20
108,er,0.5,0.6339850002884625,0.4,20
109,er,0.5,0.6339850002884625,0.5,20
110,er,0.5,0.6339850002884625,0.6,20
111,er,0.5,0.6339850002884625,0.7,20
112,er,0.5,0.792481250360578,0.4,20
113,er,0.5,0.792481250360578,0.5,20
114,er,0.5,0.792481250360578,0.6,20
115,er,0.5,0.792481250360578,0.7,20
116,er,0.5,0.9509775004326936,0.4,20
117,er,0.5,0.9509775004326936,0.5,20
118,er,0.5,0.9509775004326936,0.6,20
119,er,0.5,0.9509775004326936,0.7,20
120,er,0.6,0.31699250014423125,0.4,20
121,er,0.6,0.31699250014423125,0.5,20
122,er,0.6,0.31699250014423125,0.6,20
123,er,0.6,0.31699250014423125,0.7,20
124,er,0.6,0.4754887502163468,0.4,20
125,er,0.6,0.4754887502163468,0.5,20
126,er,0.6,0.4754887502163468,0.6,20
127,er,0.6,0.4754887502163468,0.7,20
128,er,0.6,0.6339850002884625,0.4,20
129,er,0.6,0.6339850002884625,0.5,20
130,er,0.6,0.6339850002884625,0.6,20
131,er,0.6,0.6339850002884625,0.7,20
132,er,0.6,0.792481250360578,0.4,20
133,er,0.6,0.792481250360578,0.5,20
134,er,0.6,0.792481250360578,0.6,20
135,er,0.6,0.792481250360578,0.7,20
136,er,0.6,0.9509775004326936,0.4,20
137,er,0.6,0.9509775004326936,0.5,20
138,er,0.6,0.9509775004326936,0.6,20
139,er,0.6,0.9509775004326936,0.7,20
140,er,0.7,0.31699250014423125,0.4,20
141,er,0.7,0.31699250014423125,0.5,20
142,er,0.7,0.31699250014423125,0.6,20
143,er,0.7,0.31699250014423125,0.7,20
144,er,0.7,0.4754887502163468,0.4,20
145,er,0.7,0.4754887502163468,0.5,20
146,er,0.7,0.4754887502163468,0.6,20
147,er,0.7,0.4754887502163468,0.7,20
148,er,0.7,0.6339850002884625,0.4,20
149,er,0.7,0.6339850002884625,0.5,20
150,er,0.7,0.6339850002884625,0.6,20
151,er,0.7,0.6339850002884625,0.7,20
152,er,0.7,0.792481250360578,0.4,20
153,er,0.7,0.792481250360578,0.5,20
154,er,0.7,0.792481250360578,0.6,20
155,er,0.7,0.792481250360578,0.7,20
156,er,0.7,0.9509775004326936,0.4,20
157,er,0.7,0.9509775004326936,0.5,20
158,er,0.7,0.9509775004326936,0.6,20
159,er,0.7,0.9509775004326936,0.7,20
160,er,0.4,0.31699250014423125,0.4,30
161,er,0.4,0.31699250014423125,0.5,30
162,er,0.4,0.31699250014423125,0.6,30
163,er,0.4,0.31699250014423125,0.7,30
164,er,0.4,0.4754887502163468,0.4,30
165,er,0.4,0.4754887502163468,0.5,30
166,er,0.4,0.4754887502163468,0.6,30
167,er,0.4,0.4754887502163468,0.7,30
168,er,0.4,0.6339850002884625,0.4,30
169,er,0.4,0.6339850002884625,0.5,30
170,er,0.4,0.6339850002884625,0.6,30
171,er,0.4,0.6339850002884625,0.7,30
172,er,0.4,0.792481250360578,0.4,30
173,er,0.4,0.792481250360578,0.5,30
174,er,0.4,0.792481250360578,0.6,30
175,er,0.4,0.792481250360578,0.7,30
176,er,0.4,0.9509775004326936,0.4,30
177,er,0.4,0.9509775004326936,0.5,30
178,er,0.4,0.9509775004326936,0.6,30
179,er,0.4,0.9509775004326936,0.7,30
180,er,0.5,0.31699250014423125,0.4,30
181,er,0.5,0.31699250014423125,0.5,30
182,er,0.5,0.31699250014423125,0.6,30
183,er,0.5,0.31699250014423125,0.7,30
184,er,0.5,0.4754887502163468,0.4,30
185,er,0.5,0.4754887502163468,0.5,30
186,er,0.5,0.4754887502163468,0.6,30
187,er,0.5,0.4754887502163468,0.7,30
188,er,0.5,0.6339850002884625,0.4,30
189,er,0.5,0.6339850002884625,0.5,30
190,er,0.5,0.6339850002884625,0.6,30
191,er,0.5,0.6339850002884625,0.7,30
192,er,0.5,0.792481250360578,0.4,30
193,er,0.5,0.792481250360578,0.5,30
194,er,0.5,0.792481250360578,0.6,30
195,er,0.5,0.792481250360578,0.7,30
196,er,0.5,0.9509775004326936,0.4,30
197,er,0.5,0.9509775004326936,0.5,30
198,er,0.5,0.9509775004326936,0.6,30
199,er,0.5,0.9509775004326936,0.7,30
200,er,0.6,0.31699250014423125,0.4,30
201,er,0.6,0.31699250014423125,0.5,30
202,er,0.6,0.31699250014423125,0.6,30
203,er,0.6,0.31699250014423125,0.7,30
204,er,0.6,0.4754887502163468,0.4,30
205,er,0.6,0.4754887502163468,0.5,30
206,er,0.6,0.4754887502163468,0.6,30
207,er,0.6,0.4754887502163468,0.7,30
208,er,0.6,0.6339850002884625,0.4,30
209,er,0.6,0.6339850002884625,0.5,30
210,er,0.6,0.6339850002884625,0.6,30
211,er,0.6,0.6339850002884625,0.7,30
212,er,0.6,0.792481250360578,0.4,30
213,er,0.6,0.792481250360578,0.5,30
214,er,0.6,0.792481250360578,0.6,30
215,er,0.6,0.792481250360578,0.7,30
216,er,0.6,0.9509775004326936,0.4,30
217,er,0.6,0.9509775004326936,0.5,30
218,er,0.6,0.9509775004326936,0.6,30
219,er,0.6,0.9509775004326936,0.7,30
220,er,0.7,0.31699250014423125,0.4,30
221,er,0.7,0.31699250014423125,0.5,30
222,er,0.7,0.31699250014423125,0.6,30
223,er,0.7,0.31699250014423125,0.7,30
224,er,0.7,0.4754887502163468,0.4,30
225,er,0.7,0.4754887502163468,0.5,30
226,er,0.7,0.4754887502163468,0.6,30
227,er,0.7,0.4754887502163468,0.7,30
228,er,0.7,0.6339850002884625,0.4,30
229,er,0.7,0.6339850002884625,0.5,30
230,er,0.7,0.6339850002884625,0.6,30
231,er,0.7,0.6339850002884625,0.7,30
232,er,0.7,0.792481250360578,0.4,30
233,er,0.7,0.792481250360578,0.5,30
234,er,0.7,0.792481250360578,0.6,30
235,er,0.7,0.792481250360578,0.7,30
236,er,0.7,0.9509775004326936,0.4,30
237,er,0.7,0.9509775004326936,0.5,30
238,er,0.7,0.9509775004326936,0.6,30
239,er,0.7,0.9509775004326936,0.7,30
240,ba,0.4,0.31699250014423125,0.4,10
241,ba,0.4,0.31699250014423125,0.5,10
242,ba,0.4,0.31699250014423125,0.6,10
243,ba,0.4,0.31699250014423125,0.7,10
244,ba,0.4,0.4754887502163468,0.4,10
245,ba,0.4,0.4754887502163468,0.5,10
246,ba,0.4,0.4754887502163468,0.6,10
247,ba,0.4,0.4754887502163468,0.7,10
248,ba,0.4,0.6339850002884625,0.4,10
249,ba,0.4,0.6339850002884625,0.5,10
250,ba,0.4,0.6339850002884625,0.6,10
251,ba,0.4,0.6339850002884625,0.7,10
252,ba,0.4,0.792481250360578,0.4,10
253,ba,0.4,0.792481250360578,0.5,10
254,ba,0.4,0.792481250360578,0.6,10
255,ba,0.4,0.792481250360578,0.7,10
256,ba,0.4,0.9509775004326936,0.4,10
257,ba,0.4,0.9509775004326936,0.5,10
258,ba,0.4,0.9509775004326936,0.6,10
259,ba,0.4,0.9509775004326936,0.7,10
260,ba,0.5,0.31699250014423125,0.4,10
261,ba,0.5,0.31699250014423125,0.5,10
262,ba,0.5,0.31699250014423125,0.6,10
263,ba,0.5,0.31699250014423125,0.7,10
264,ba,0.5,0.4754887502163468,0.4,10
265,ba,0.5,0.4754887502163468,0.5,10
266,ba,0.5,0.4754887502163468,0.6,10
267,ba,0.5,0.4754887502163468,0.7,10
268,ba,0.5,0.6339850002884625,0.4,10
269,ba,0.5,0.6339850002884625,0.5,10
270,ba,0.5,0.6339850002884625,0.6,10
271,ba,0.5,0.6339850002884625,0.7,10
272,ba,0.5,0.792481250360578,0.4,10
273,ba,0.5,0.792481250360578,0.5,10
274,ba,0.5,0.792481250360578,0.6,10
275,ba,0.5,0.792481250360578,0.7,10
276,ba,0.5,0.9509775004326936,0.4,10
277,ba,0.5,0.9509775004326936,0.5,10
278,ba,0.5,0.9509775004326936,0.6,10
279,ba,0.5,0.9509775004326936,0.7,10
280,ba,0.6,0.31699250014423125,0.4,10
281,ba,0.6,0.31699250014423125,0.5,10
282,ba,0.6,0.31699250014423125,0.6,10
283,ba,0.6,0.31699250014423125,0.7,10
284,ba,0.6,0.4754887502163468,0.4,10
285,ba,0.6,0.4754887502163468,0.5,10
286,ba,0.6,0.4754887502163468,0.6,10
287,ba,0.6,0.4754887502163468,0.7,10
288,ba,0.6,0.6339850002884625,0.4,10
289,ba,0.6,0.6339850002884625,0.5,10
290,ba,0.6,0.6339850002884625,0.6,10
291,ba,0.6,0.6339850002884625,0.7,10
292,ba,0.6,0.792481250360578,0.4,10
293,ba,0.6,0.792481250360578,0.5,10
294,ba,0.6,0.792481250360578,0.6,10
295,ba,0.6,0.792481250360578,0.7,10
296,ba,0.6,0.9509775004326936,0.4,10
297,ba,0.6,0.9509775004326936,0.5,10
298,ba,0.6,0.9509775004326936,0.6,10
299,ba,0.6,0.9509775004326936,0.7,10
300,ba,0.7,0.31699250014423125,0.4,10
301,ba,0.7,0.31699250014423125,0.5,10
302,ba,0.7,0.31699250014423125,0.6,10
303,ba,0.7,0.31699250014423125,0.7,10
304,ba,0.7,0.4754887502163468,0.4,10
305,ba,0.7,0.4754887502163468,0.5,10
306,ba,0.7,0.4754887502163468,0.6,10
307,ba,0.7,0.4754887502163468,0.7,10
308,ba,0.7,0.6339850002884625,0.4,10
309,ba,0.7,0.6339850002884625,0.5,10
310,ba,0.7,0.6339850002884625,0.6,10
311,ba,0.7,0.6339850002884625,0.7,10
312,ba,0.7,0.792481250360578,0.4,10
313,ba,0.7,0.792481250360578,0.5,10
314,ba,0.7,0.792481250360578,0.6,10
315,ba,0.7,0.792481250360578,0.7,10
316,ba,0.7,0.9509775004326936,0.4,10
317,ba,0.7,0.9509775004326936,0.5,10
318,ba,0.7,0.9509775004326936,0.6,10
319,ba,0.7,0.9509775004326936,0.7,10
320,ba,0.4,0.31699250014423125,0.4,20
321,ba,0.4,0.31699250014423125,0.5,20
322,ba,0.4,0.31699250014423125,0.6,20
323,ba,0.4,0.31699250014423125,0.7,20
324,ba,0.4,0.4754887502163468,0.4,20
325,ba,0.4,0.4754887502163468,0.5,20
326,ba,0.4,0.4754887502163468,0.6,20
327,ba,0.4,0.4754887502163468,0.7,20
328,ba,0.4,0.6339850002884625,0.4,20
329,ba,0.4,0.6339850002884625,0.5,20
330,ba,0.4,0.6339850002884625,0.6,20
331,ba,0.4,0.6339850002884625,0.7,20
332,ba,0.4,0.792481250360578,0.4,20
333,ba,0.4,0.792481250360578,0.5,20
334,ba,0.4,0.792481250360578,0.6,20
335,ba,0.4,0.792481250360578,0.7,20
336,ba,0.4,0.9509775004326936,0.4,20
337,ba,0.4,0.9509775004326936,0.5,20
338,ba,0.4,0.9509775004326936,0.6,20
339,ba,0.4,0.9509775004326936,0.7,20
340,ba,0.5,0.31699250014423125,0.4,20
341,ba,0.5,0.31699250014423125,0.5,20
342,ba,0.5,0.31699250014423125,0.6,20
343,ba,0.5,0.31699250014423125,0.7,20
344,ba,0.5,0.4754887502163468,0.4,20
345,ba,0.5,0.4754887502163468,0.5,20
346,ba,0.5,0.4754887502163468,0.6,20
347,ba,0.5,0.4754887502163468,0.7,20
348,ba,0.5,0.6339850002884625,0.4,20
349,ba,0.5,0.6339850002884625,0.5,20
350,ba,0.5,0.6339850002884625,0.6,20
351,ba,0.5,0.6339850002884625,0.7,20
352,ba,0.5,0.792481250360578,0.4,20
353,ba,0.5,0.792481250360578,0.5,20
354,ba,0.5,0.792481250360578,0.6,20
355,ba,0.5,0.792481250360578,0.7,20
356,ba,0.5,0.9509775004326936,0.4,20
357,ba,0.5,0.9509775004326936,0.5,20
358,ba,0.5,0.9509775004326936,0.6,20
359,ba,0.5,0.9509775004326936,0.7,20
360,ba,0.6,0.31699250014423125,0.4,20
361,ba,0.6,0.31699250014423125,0.5,20
362,ba,0.6,0.31699250014423125,0.6,20
363,ba,0.6,0.31699250014423125,0.7,20
364,ba,0.6,0.4754887502163468,0.4,20
365,ba,0.6,0.4754887502163468,0.5,20
366,ba,0.6,0.4754887502163468,0.6,20
367,ba,0.6,0.4754887502163468,0.7,20
368,ba,0.6,0.6339850002884625,0.4,20
369,ba,0.6,0.6339850002884625,0.5,20
370,ba,0.6,0.6339850002884625,0.6,20
371,ba,0.6,0.6339850002884625,0.7,20
372,ba,0.6,0.792481250360578,0.4,20
373,ba,0.6,0.792481250360578,0.5,20
374,ba,0.6,0.792481250360578,0.6,20
375,ba,0.6,0.792481250360578,0.7,20
376,ba,0.6,0.9509775004326936,0.4,20
377,ba,0.6,0.9509775004326936,0.5,20
378,ba,0.6,0.9509775004326936,0.6,20
379,ba,0.6,0.9509775004326936,0.7,20
380,ba,0.7,0.31699250014423125,0.4,20
381,ba,0.7,0.31699250014423125,0.5,20
382,ba,0.7,0.31699250014423125,0.6,20
383,ba,0.7,0.31699250014423125,0.7,20
384,ba,0.7,0.4754887502163468,0.4,20
385,ba,0.7,0.4754887502163468,0.5,20
386,ba,0.7,0.4754887502163468,0.6,20
387,ba,0.7,0.4754887502163468,0.7,20
388,ba,0.7,0.6339850002884625,0.4,20
389,ba,0.7,0.6339850002884625,0.5,20
390,ba,0.7,0.6339850002884625,0.6,20
391,ba,0.7,0.6339850002884625,0.7,20
392,ba,0.7,0.792481250360578,0.4,20
393,ba,0.7,0.792481250360578,0.5,20
394,ba,0.7,0.792481250360578,0.6,20
395,ba,0.7,0.792481250360578,0.7,20
396,ba,0.7,0.9509775004326936,0.4,20
397,ba,0.7,0.9509775004326936,0.5,20
398,ba,0.7,0.9509775004326936,0.6,20
399,ba,0.7,0.9509775004326936,0.7,20
400,ba,0.4,0.31699250014423125,0.4,30
401,ba,0.4,0.31699250014423125,0.5,30
402,ba,0.4,0.31699250014423125,0.6,30
403,ba,0.4,0.31699250014423125,0.7,30
404,ba,0.4,0.4754887502163468,0.4,30
405,ba,0.4,0.4754887502163468,0.5,30
406,ba,0.4,0.4754887502163468,0.6,30
407,ba,0.4,0.4754887502163468,0.7,30
408,ba,0.4,0.6339850002884625,0.4,30
409,ba,0.4,0.6339850002884625,0.5,30
410,ba,0.4,0.6339850002884625,0.6,30
411,ba,0.4,0.6339850002884625,0.7,30
412,ba,0.4,0.792481250360578,0.4,30
413,ba,0.4,0.792481250360578,0.5,30
414,ba,0.4,0.792481250360578,0.6,30
415,ba,0.4,0.792481250360578,0.7,30
416,ba,0.4,0.9509775004326936,0.4,30
417,ba,0.4,0.9509775004326936,0.5,30
418,ba,0.4,0.9509775004326936,0.6,30
419,ba,0.4,0.9509775004326936,0.7,30
420,ba,0.5,0.31699250014423125,0.4,30
421,ba,0.5,0.31699250014423125,0.5,30
422,ba,0.5,0.31699250014423125,0.6,30
423,ba,0.5,0.31699250014423125,0.7,30
424,ba,0.5,0.4754887502163468,0.4,30
425,ba,0.5,0.4754887502163468,0.5,30
426,ba,0.5,0.4754887502163468,0.6,30
427,ba,0.5,0.4754887502163468,0.7,30
428,ba,0.5,0.6339850002884625,0.4,30
429,ba,0.5,0.6339850002884625,0.5,30
430,ba,0.5,0.6339850002884625,0.6,30
431,ba,0.5,0.6339850002884625,0.7,30
432,ba,0.5,0.792481250360578,0.4,30
433,ba,0.5,0.792481250360578,0.5,30
434,ba,0.5,0.792481250360578,0.6,30
435,ba,0.5,0.792481250360578,0.7,30
436,ba,0.5,0.9509775004326936,0.4,30
437,ba,0.5,0.9509775004326936,0.5,30
438,ba,0.5,0.9509775004326936,0.6,30
439,ba,0.5,0.9509775004326936,0.7,30
440,ba,0.6,0.31699250014423125,0.4,30
441,ba,0.6,0.31699250014423125,0.5,30
442,ba,0.6,0.31699250014423125,0.6,30
443,ba,0.6,0.31699250014423125,0.7,30
444,ba,0.6,0.4754887502163468,0.4,30
445,ba,0.6,0.4754887502163468,0.5,30
446,ba,0.6,0.4754887502163468,0.6,30
447,ba,0.6,0.4754887502163468,0.7,30
448,ba,0.6,0.6339850002884625,0.4,30
449,ba,0.6,0.6339850002884625,0.5,30
450,ba,0.6,0.6339850002884625,0.6,30
451,ba,0.6,0.6339850002884625,0.7,30
452,ba,0.6,0.792481250360578,0.4,30
453,ba,0.6,0.792481250360578,0.5,30
454,ba,0.6,0.792481250360578,0.6,30
455,ba,0.6,0.792481250360578,0.7,30
456,ba,0.6,0.9509775004326936,0.4,30
457,ba,0.6,0.9509775004326936,0.5,30
458,ba,0.6,0.9509775004326936,0.6,30
459,ba,0.6,0.9509775004326936,0.7,30
460,ba,0.7,0.31699250014423125,0.4,30
461,ba,0.7,0.31699250014423125,0.5,30
462,ba,0.7,0.31699250014423125,0.6,30
463,ba,0.7,0.31699250014423125,0.7,30
464,ba,0.7,0.4754887502163468,0.4,30
465,ba,0.7,0.4754887502163468,0.5,30
466,ba,0.7,0.4754887502163468,0.6,30
467,ba,0.7,0.4754887502163468,0.7,30
468,ba,0.7,0.6339850002884625,0.4,30
469,ba,0.7,0.6339850002884625,0.5,30
470,ba,0.7,0.6339850002884625,0.6,30
471,ba,0.7,0.6339850002884625,0.7,30
472,ba,0.7,0.792481250360578,0.4,30
473,ba,0.7,0.792481250360578,0.5,30
474,ba,0.7,0.792481250360578,0.6,30
475,ba,0.7,0.792481250360578,0.7,30
476,ba,0.7,0.9509775004326936,0.4,30
477,ba,0.7,0.9509775004326936,0.5,30
478,ba,0.7,0.9509775004326936,0.6,30
479,ba,0.7,0.9509775004326936,0.7,30
480,small-world,0.4,0.31699250014423125,0.4,10
481,small-world,0.4,0.31699250014423125,0.5,10
482,small-world,0.4,0.31699250014423125,0.6,10
483,small-world,0.4,0.31699250014423125,0.7,10
484,small-world,0.4,0.4754887502163468,0.4,10
485,small-world,0.4,0.4754887502163468,0.5,10
486,small-world,0.4,0.4754887502163468,0.6,10
487,small-world,0.4,0.4754887502163468,0.7,10
488,small-world,0.4,0.6339850002884625,0.4,10
489,small-world,0.4,0.6339850002884625,0.5,10
490,small-world,0.4,0.6339850002884625,0.6,10
491,small-world,0.4,0.6339850002884625,0.7,10
492,small-world,0.4,0.792481250360578,0.4,10
493,small-world,0.4,0.792481250360578,0.5,10
494,small-world,0.4,0.792481250360578,0.6,10
495,small-world,0.4,0.792481250360578,0.7,10
496,small-world,0.4,0.9509775004326936,0.4,10
497,small-world,0.4,0.9509775004326936,0.5,10
498,small-world,0.4,0.9509775004326936,0.6,10
499,small-world,0.4,0.9509775004326936,0.7,10
500,small-world,0.5,0.31699250014423125,0.4,10
501,small-world,0.5,0.31699250014423125,0.5,10
502,small-world,0.5,0.31699250014423125,0.6,10
503,small-world,0.5,0.31699250014423125,0.7,10
504,small-world,0.5,0.4754887502163468,0.4,10
505,small-world,0.5,0.4754887502163468,0.5,10
506,small-world,0.5,0.4754887502163468,0.6,10
507,small-world,0.5,0.4754887502163468,0.7,10
508,small-world,0.5,0.6339850002884625,0.4,10
509,small-world,0.5,0.6339850002884625,0.5,10
510,small-world,0.5,0.6339850002884625,0.6,10
511,small-world,0.5,0.6339850002884625,0.7,10
512,small-world,0.5,0.792481250360578,0.4,10
513,small-world,0.5,0.792481250360578,0.5,10
514,small-world,0.5,0.792481250360578,0.6,10
515,small-world,0.5,0.792481250360578,0.7,10
516,small-world,0.5,0.9509775004326936,0.4,10
517,small-world,0.5,0.9509775004326936,0.5,10
518,small-world,0.5,0.9509775004326936,0.6,10
519,small-world,0.5,0.9509775004326936,0.7,10
520,small-world,0.6,0.31699250014423125,0.4,10
521,small-world,0.6,0.31699250014423125,0.5,10
522,small-world,0.6,0.31699250014423125,0.6,10
523,small-world,0.6,0.31699250014423125,0.7,10
524,small-world,0.6,0.4754887502163468,0.4,10
525,small-world,0.6,0.4754887502163468,0.5,10
526,small-world,0.6,0.4754887502163468,0.6,10
527,small-world,0.6,0.4754887502163468,0.7,10
528,small-world,0.6,0.6339850002884625,0.4,10
529,small-world,0.6,0.6339850002884625,0.5,10
530,small-world,0.6,0.6339850002884625,0.6,10
531,small-world,0.6,0.6339850002884625,0.7,10
532,small-world,0.6,0.792481250360578,0.4,10
533,small-world,0.6,0.792481250360578,0.5,10
534,small-world,0.6,0.792481250360578,0.6,10
535,small-world,0.6,0.792481250360578,0.7,10
536,small-world,0.6,0.9509775004326936,0.4,10
537,small-world,0.6,0.9509775004326936,0.5,10
538,small-world,0.6,0.9509775004326936,0.6,10
539,small-world,0.6,0.9509775004326936,0.7,10
540,small-world,0.7,0.31699250014423125,0.4,10
541,small-world,0.7,0.31699250014423125,0.5,10
542,small-world,0.7,0.31699250014423125,0.6,10
543,small-world,0.7,0.31699250014423125,0.7,10
544,small-world,0.7,0.4754887502163468,0.4,10
545,small-world,0.7,0.4754887502163468,0.5,10
546,small-world,0.7,0.4754887502163468,0.6,10
547,small-world,0.7,0.4754887502163468,0.7,10
548,small-world,0.7,0.6339850002884625,0.4,10
549,small-world,0.7,0.6339850002884625,0.5,10
550,small-world,0.7,0.6339850002884625,0.6,10
551,small-world,0.7,0.6339850002884625,0.7,10
552,small-world,0.7,0.792481250360578,0.4,10
553,small-world,0.7,0.792481250360578,0.5,10
554,small-world,0.7,0.792481250360578,0.6,10
555,small-world,0.7,0.792481250360578,0.7,10
556,small-world,0.7,0.9509775004326936,0.4,10
557,small-world,0.7,0.9509775004326936,0.5,10
558,small-world,0.7,0.9509775004326936,0.6,10
559,small-world,0.7,0.9509775004326936,0.7,10
560,small-world,0.4,0.31699250014423125,0.4,20
561,small-world,0.4,0.31699250014423125,0.5,20
562,small-world,0.4,0.31699250014423125,0.6,20
563,small-world,0.4,0.31699250014423125,0.7,20
564,small-world,0.4,0.4754887502163468,0.4,20
565,small-world,0.4,0.4754887502163468,0.5,20
566,small-world,0.4,0.4754887502163468,0.6,20
567,small-world,0.4,0.4754887502163468,0.7,20
568,small-world,0.4,0.6339850002884625,0.4,20
569,small-world,0.4,0.6339850002884625,0.5,20
570,small-world,0.4,0.6339850002884625,0.6,20
571,small-world,0.4,0.6339850002884625,0.7,20
572,small-world,0.4,0.792481250360578,0.4,20
573,small-world,0.4,0.792481250360578,0.5,20
574,small-world,0.4,0.792481250360578,0.6,20
575,small-world,0.4,0.792481250360578,0.7,20
576,small-world,0.4,0.9509775004326936,0.4,20
577,small-world,0.4,0.9509775004326936,0.5,20
578,small-world,0.4,0.9509775004326936,0.6,20
579,small-world,0.4,0.9509775004326936,0.7,20
580,small-world,0.5,0.31699250014423125,0.4,20
581,small-world,0.5,0.31699250014423125,0.5,20
582,small-world,0.5,0.31699250014423125,0.6,20
583,small-world,0.5,0.31699250014423125,0.7,20
584,small-world,0.5,0.4754887502163468,0.4,20
585,small-world,0.5,0.4754887502163468,0.5,20
586,small-world,0.5,0.4754887502163468,0.6,20
587,small-world,0.5,0.4754887502163468,0.7,20
588,small-world,0.5,0.6339850002884625,0.4,20
589,small-world,0.5,0.6339850002884625,0.5,20
590,small-world,0.5,0.6339850002884625,0.6,20
591,small-world,0.5,0.6339850002884625,0.7,20
592,small-world,0.5,0.792481250360578,0.4,20
593,small-world,0.5,0.792481250360578,0.5,20
594,small-world,0.5,0.792481250360578,0.6,20
595,small-world,0.5,0.792481250360578,0.7,20
596,small-world,0.5,0.9509775004326936,0.4,20
597,small-world,0.5,0.9509775004326936,0.5,20
598,small-world,0.5,0.9509775004326936,0.6,20
599,small-world,0.5,0.9509775004326936,0.7,20
600,small-world,0.6,0.31699250014423125,0.4,20
601,small-world,0.6,0.31699250014423125,0.5,20
602,small-world,0.6,0.31699250014423125,0.6,20
603,small-world,0.6,0.31699250014423125,0.7,20
604,small-world,0.6,0.4754887502163468,0.4,20
605,small-world,0.6,0.4754887502163468,0.5,20
606,small-world,0.6,0.4754887502163468,0.6,20
607,small-world,0.6,0.4754887502163468,0.7,20
608,small-world,0.6,0.6339850002884625,0.4,20
609,small-world,0.6,0.6339850002884625,0.5,20
610,small-world,0.6,0.6339850002884625,0.6,20
611,small-world,0.6,0.6339850002884625,0.7,20
612,small-world,0.6,0.792481250360578,0.4,20
613,small-world,0.6,0.792481250360578,0.5,20
614,small-world,0.6,0.792481250360578,0.6,20
615,small-world,0.6,0.792481250360578,0.7,20
616,small-world,0.6,0.9509775004326936,0.4,20
617,small-world,0.6,0.9509775004326936,0.5,20
618,small-world,0.6,0.9509775004326936,0.6,20
619,small-world,0.6,0.9509775004326936,0.7,20
620,small-world,0.7,0.31699250014423125,0.4,20
621,small-world,0.7,0.31699250014423125,0.5,20
622,small-world,0.7,0.31699250014423125,0.6,20
623,small-world,0.7,0.31699250014423125,0.7,20
624,small-world,0.7,0.4754887502163468,0.4,20
625,small-world,0.7,0.4754887502163468,0.5,20
626,small-world,0.7,0.4754887502163468,0.6,20
627,small-world,0.7,0.4754887502163468,0.7,20
628,small-world,0.7,0.6339850002884625,0.4,20
629,small-world,0.7,0.6339850002884625,0.5,20
630,small-world,0.7,0.6339850002884625,0.6,20
631,small-world,0.7,0.6339850002884625,0.7,20
632,small-world,0.7,0.792481250360578,0.4,20
633,small-world,0.7,0.792481250360578,0.5,20
634,small-world,0.7,0.792481250360578,0.6,20
635,small-world,0.7,0.792481250360578,0.7,20
636,small-world,0.7,0.9509775004326936,0.4,20
637,small-world,0.7,0.9509775004326936,0.5,20
638,small-world,0.7,0.9509775004326936,0.6,20
639,small-world,0.7,0.9509775004326936,0.7,20
640,small-world,0.4,0.31699250014423125,0.4,30
641,small-world,0.4,0.31699250014423125,0.5,30
642,small-world,0.4,0.31699250014423125,0.6,30
643,small-world,0.4,0.31699250014423125,0.7,30
644,small-world,0.4,0.4754887502163468,0.4,30
645,small-world,0.4,0.4754887502163468,0.5,30
646,small-world,0.4,0.4754887502163468,0.6,30
647,small-world,0.4,0.4754887502163468,0.7,30
648,small-world,0.4,0.6339850002884625,0.4,30
649,small-world,0.4,0.6339850002884625,0.5,30
650,small-world,0.4,0.6339850002884625,0.6,30
651,small-world,0.4,0.6339850002884625,0.7,30
652,small-world,0.4,0.792481250360578,0.4,30
653,small-world,0.4,0.792481250360578,0.5,30
654,small-world,0.4,0.792481250360578,0.6,30
655,small-world,0.4,0.792481250360578,0.7,30
656,small-world,0.4,0.9509775004326936,0.4,30
657,small-world,0.4,0.9509775004326936,0.5,30
658,small-world,0.4,0.9509775004326936,0.6,30
659,small-world,0.4,0.9509775004326936,0.7,30
660,small-world,0.5,0.31699250014423125,0.4,30
661,small-world,0.5,0.31699250014423125,0.5,30
662,small-world,0.5,0.31699250014423125,0.6,30
663,small-world,0.5,0.31699250014423125,0.7,30
664,small-world,0.5,0.4754887502163468,0.4,30
665,small-world,0.5,0.4754887502163468,0.5,30
666,small-world,0.5,0.4754887502163468,0.6,30
667,small-world,0.5,0.4754887502163468,0.7,30
668,small-world,0.5,0.6339850002884625,0.4,30
669,small-world,0.5,0.6339850002884625,0.5,30
670,small-world,0.5,0.6339850002884625,0.6,30
671,small-world,0.5,0.6339850002884625,0.7,30
672,small-world,0.5,0.792481250360578,0.4,30
673,small-world,0.5,0.792481250360578,0.5,30
674,small-world,0.5,0.792481250360578,0.6,30
675,small-world,0.5,0.792481250360578,0.7,30
676,small-world,0.5,0.9509775004326936,0.4,30
677,small-world,0.5,0.9509775004326936,0.5,30
678,small-world,0.5,0.9509775004326936,0.6,30
679,small-world,0.5,0.9509775004326936,0.7,30
680,small-world,0.6,0.31699250014423125,0.4,30
681,small-world,0.6,0.31699250014423125,0.5,30
682,small-world,0.6,0.31699250014423125,0.6,30
683,small-world,0.6,0.31699250014423125,0.7,30
684,small-world,0.6,0.4754887502163468,0.4,30
685,small-world,0.6,0.4754887502163468,0.5,30
686,small-world,0.6,0.4754887502163468,0.6,30
687,small-world,0.6,0.4754887502163468,0.7,30
688,small-world,0.6,0.6339850002884625,0.4,30
689,small-world,0.6,0.6339850002884625,0.5,30
690,small-world,0.6,0.6339850002884625,0.6,30
691,small-world,0.6,0.6339850002884625,0.7,30
692,small-world,0.6,0.792481250360578,0.4,30
693,small-world,0.6,0.792481250360578,0.5,30
694,small-world,0.6,0.792481250360578,0.6,30
695,small-world,0.6,0.792481250360578,0.7,30
696,small-world,0.6,0.9509775004326936,0.4,30
697,small-world,0.6,0.9509775004326936,0.5,30
698,small-world,0.6,0.9509775004326936,0.6,30
699,small-world,0.6,0.9509775004326936,0.7,30
700,small-world,0.7,0.31699250014423125,0.4,30
701,small-world,0.7,0.31699250014423125,0.5,30
702,small-world,0.7,0.31699250014423125,0.6,30
703,small-world,0.7,0.31699250014423125,0.7,30
704,small-world,0.7,0.4754887502163468,0.4,30
705,small-world,0.7,0.4754887502163468,0.5,30
706,small-world,0.7,0.4754887502163468,0.6,30
707,small-world,0.7,0.4754887502163468,0.7,30
708,small-world,0.7,0.6339850002884625,0.4,30
709,small-world,0.7,0.6339850002884625,0.5,30
710,small-world,0.7,0.6339850002884625,0.6,30
711,small-world,0.7,0.6339850002884625,0.7,30
712,small-world,0.7,0.792481250360578,0.4,30
713,small-world,0.7,0.792481250360578,0.5,30
714,small-world,0.7,0.792481250360578,0.6,30
715,small-world,0.7,0.792481250360578,0.7,30
716,small-world,0.7,0.9509775004326936,0.4,30
717,small-world,0.7,0.9509775004326936,0.5,30
718,small-world,0.7,0.9509775004326936,0.6,30
719,small-world,0.7,0.9509775004326936,0.7,30
