i,total_vars,dag_family,p_syn,p_noise,samples
0,10,ba,0.0,0.0,500
1,10,ba,0.0,0.0,1000
2,10,ba,0.0,0.0,2000
3,10,ba,0.0,0.0,5000
4,10,ba,0.0,0.0,10000
5,10,ba,0.0,0.1,500
6,10,ba,0.0,0.1,1000
7,10,ba,0.0,0.1,2000
8,10,ba,0.0,0.1,5000
9,10,ba,0.0,0.1,10000
10,10,ba,0.0,0.2,500
11,10,ba,0.0,0.2,1000
12,10,ba,0.0,0.2,2000
13,10,ba,0.0,0.2,5000
14,10,ba,0.0,0.2,10000
15,10,ba,0.0,0.3,500
16,10,ba,0.0,0.3,1000
17,10,ba,0.0,0.3,2000
18,10,ba,0.0,0.3,5000
19,10,ba,0.0,0.3,10000
20,10,ba,0.0,0.4,500
21,10,ba,0.0,0.4,1000
22,10,ba,0.0,0.4,2000
23,10,ba,0.0,0.4,5000
24,10,ba,0.0,0.4,10000
25,10,ba,0.0,0.5,500
26,10,ba,0.0,0.5,1000
27,10,ba,0.0,0.5,2000
28,10,ba,0.0,0.5,5000
29,10,ba,0.0,0.5,10000
30,10,ba,0.5,0.0,500
31,10,ba,0.5,0.0,1000
32,10,ba,0.5,0.0,2000
33,10,ba,0.5,0.0,5000
34,10,ba,0.5,0.0,10000
35,10,ba,0.5,0.1,500
36,10,ba,0.5,0.1,1000
37,10,ba,0.5,0.1,2000
38,10,ba,0.5,0.1,5000
39,10,ba,0.5,0.1,10000
40,10,ba,0.5,0.2,500
41,10,ba,0.5,0.2,1000
42,10,ba,0.5,0.2,2000
43,10,ba,0.5,0.2,5000
44,10,ba,0.5,0.2,10000
45,10,ba,0.5,0.3,500
46,10,ba,0.5,0.3,1000
47,10,ba,0.5,0.3,2000
48,10,ba,0.5,0.3,5000
49,10,ba,0.5,0.3,10000
50,10,ba,0.5,0.4,500
51,10,ba,0.5,0.4,1000
52,10,ba,0.5,0.4,2000
53,10,ba,0.5,0.4,5000
54,10,ba,0.5,0.4,10000
55,10,ba,0.5,0.5,500
56,10,ba,0.5,0.5,1000
57,10,ba,0.5,0.5,2000
58,10,ba,0.5,0.5,5000
59,10,ba,0.5,0.5,10000
60,10,ba,1.0,0.0,500
61,10,ba,1.0,0.0,1000
62,10,ba,1.0,0.0,2000
63,10,ba,1.0,0.0,5000
64,10,ba,1.0,0.0,10000
65,10,ba,1.0,0.1,500
66,10,ba,1.0,0.1,1000
67,10,ba,1.0,0.1,2000
68,10,ba,1.0,0.1,5000
69,10,ba,1.0,0.1,10000
70,10,ba,1.0,0.2,500
71,10,ba,1.0,0.2,1000
72,10,ba,1.0,0.2,2000
73,10,ba,1.0,0.2,5000
74,10,ba,1.0,0.2,10000
75,10,ba,1.0,0.3,500
76,10,ba,1.0,0.3,1000
77,10,ba,1.0,0.3,2000
78,10,ba,1.0,0.3,5000
79,10,ba,1.0,0.3,10000
80,10,ba,1.0,0.4,500
81,10,ba,1.0,0.4,1000
82,10,ba,1.0,0.4,2000
83,10,ba,1.0,0.4,5000
84,10,ba,1.0,0.4,10000
85,10,ba,1.0,0.5,500
86,10,ba,1.0,0.5,1000
87,10,ba,1.0,0.5,2000
88,10,ba,1.0,0.5,5000
89,10,ba,1.0,0.5,10000
90,10,er,0.0,0.0,500
91,10,er,0.0,0.0,1000
92,10,er,0.0,0.0,2000
93,10,er,0.0,0.0,5000
94,10,er,0.0,0.0,10000
95,10,er,0.0,0.1,500
96,10,er,0.0,0.1,1000
97,10,er,0.0,0.1,2000
98,10,er,0.0,0.1,5000
99,10,er,0.0,0.1,10000
100,10,er,0.0,0.2,500
101,10,er,0.0,0.2,1000
102,10,er,0.0,0.2,2000
103,10,er,0.0,0.2,5000
104,10,er,0.0,0.2,10000
105,10,er,0.0,0.3,500
106,10,er,0.0,0.3,1000
107,10,er,0.0,0.3,2000
108,10,er,0.0,0.3,5000
109,10,er,0.0,0.3,10000
110,10,er,0.0,0.4,500
111,10,er,0.0,0.4,1000
112,10,er,0.0,0.4,2000
113,10,er,0.0,0.4,5000
114,10,er,0.0,0.4,10000
115,10,er,0.0,0.5,500
116,10,er,0.0,0.5,1000
117,10,er,0.0,0.5,2000
118,10,er,0.0,0.5,5000
119,10,er,0.0,0.5,10000
120,10,er,0.5,0.0,500
121,10,er,0.5,0.0,1000
122,10,er,0.5,0.0,2000
123,10,er,0.5,0.0,5000
124,10,er,0.5,0.0,10000
125,10,er,0.5,0.1,500
126,10,er,0.5,0.1,1000
127,10,er,0.5,0.1,2000
128,10,er,0.5,0.1,5000
129,10,er,0.5,0.1,10000
130,10,er,0.5,0.2,500
131,10,er,0.5,0.2,1000
132,10,er,0.5,0.2,2000
133,10,er,0.5,0.2,5000
134,10,er,0.5,0.2,10000
135,10,er,0.5,0.3,500
136,10,er,0.5,0.3,1000
137,10,er,0.5,0.3,2000
138,10,er,0.5,0.3,5000
139,10,er,0.5,0.3,10000
140,10,er,0.5,0.4,500
141,10,er,0.5,0.4,1000
142,10,er,0.5,0.4,2000
143,10,er,0.5,0.4,5000
144,10,er,0.5,0.4,10000
145,10,er,0.5,0.5,500
146,10,er,0.5,0.5,1000
147,10,er,0.5,0.5,2000
148,10,er,0.5,0.5,5000
149,10,er,0.5,0.5,10000
150,10,er,1.0,0.0,500
151,10,er,1.0,0.0,1000
152,10,er,1.0,0.0,2000
153,10,er,1.0,0.0,5000
154,10,er,1.0,0.0,10000
155,10,er,1.0,0.1,500
156,10,er,1.0,0.1,1000
157,10,er,1.0,0.1,2000
158,10,er,1.0,0.1,5000
159,10,er,1.0,0.1,10000
160,10,er,1.0,0.2,500
161,10,er,1.0,0.2,1000
162,10,er,1.0,0.2,2000
163,10,er,1.0,0.2,5000
164,10,er,1.0,0.2,10000
165,10,er,1.0,0.3,500
166,10,er,1.0,0.3,1000
167,10,er,1.0,0.3,2000
168,10,er,1.0,0.3,5000
169,10,er,1.0,0.3,10000
170,10,er,1.0,0.4,500
171,10,er,1.0,0.4,1000
172,10,er,1.0,0.4,2000
173,10,er,1.0,0.4,5000
174,10,er,1.0,0.4,10000
175,10,er,1.0,0.5,500
176,10,er,1.0,0.5,1000
177,10,er,1.0,0.5,2000
178,10,er,1.0,0.5,5000
179,10,er,1.0,0.5,10000
180,10,small-world,0.0,0.0,500
181,10,small-world,0.0,0.0,1000
182,10,small-world,0.0,0.0,2000
183,10,small-world,0.0,0.0,5000
184,10,small-world,0.0,0.0,10000
185,10,small-world,0.0,0.1,500
186,10,small-world,0.0,0.1,1000
187,10,small-world,0.0,0.1,2000
188,10,small-world,0.0,0.1,5000
189,10,small-world,0.0,0.1,10000
190,10,small-world,0.0,0.2,500
191,10,small-world,0.0,0.2,1000
192,10,small-world,0.0,0.2,2000
193,10,small-world,0.0,0.2,5000
194,10,small-world,0.0,0.2,10000
195,10,small-world,0.0,0.3,500
196,10,small-world,0.0,0.3,1000
197,10,small-world,0.0,0.3,2000
198,10,small-world,0.0,0.3,5000
199,10,small-world,0.0,0.3,10000
200,10,small-world,0.0,0.4,500
201,10,small-world,0.0,0.4,1000
202,10,small-world,0.0,0.4,2000
203,10,small-world,0.0,0.4,5000
204,10,small-world,0.0,0.4,10000
205,10,small-world,0.0,0.5,500
206,10,small-world,0.0,0.5,1000
207,10,small-world,0.0,0.5,2000
208,10,small-world,0.0,0.5,5000
209,10,small-world,0.0,0.5,10000
210,10,small-world,0.5,0.0,500
211,10,small-world,0.5,0.0,1000
212,10,small-world,0.5,0.0,2000
213,10,small-world,0.5,0.0,5000
214,10,small-world,0.5,0.0,10000
215,10,small-world,0.5,0.1,500
216,10,small-world,0.5,0.1,1000
217,10,small-world,0.5,0.1,2000
218,10,small-world,0.5,0.1,5000
219,10,small-world,0.5,0.1,10000
220,10,small-world,0.5,0.2,500
221,10,small-world,0.5,0.2,1000
222,10,small-world,0.5,0.2,2000
223,10,small-world,0.5,0.2,5000
224,10,small-world,0.5,0.2,10000
225,10,small-world,0.5,0.3,500
226,10,small-world,0.5,0.3,1000
227,10,small-world,0.5,0.3,2000
228,10,small-world,0.5,0.3,5000
229,10,small-world,0.5,0.3,10000
230,10,small-world,0.5,0.4,500
231,10,small-world,0.5,0.4,1000
232,10,small-world,0.5,0.4,2000
233,10,small-world,0.5,0.4,5000
234,10,small-world,0.5,0.4,10000
235,10,small-world,0.5,0.5,500
236,10,small-world,0.5,0.5,1000
237,10,small-world,0.5,0.5,2000
238,10,small-world,0.5,0.5,5000
239,10,small-world,0.5,0.5,10000
240,10,small-world,1.0,0.0,500
241,10,small-world,1.0,0.0,1000
242,10,small-world,1.0,0.0,2000
243,10,small-world,1.0,0.0,5000
244,10,small-world,1.0,0.0,10000
245,10,small-world,1.0,0.1,500
246,10,small-world,1.0,0.1,1000
247,10,small-world,1.0,0.1,2000
248,10,small-world,1.0,0.1,5000
249,10,small-world,1.0,0.1,10000
250,10,small-world,1.0,0.2,500
251,10,small-world,1.0,0.2,1000
252,10,small-world,1.0,0.2,2000
253,10,small-world,1.0,0.2,5000
254,10,small-world,1.0,0.2,10000
255,10,small-world,1.0,0.3,500
256,10,small-world,1.0,0.3,1000
257,10,small-world,1.0,0.3,2000
258,10,small-world,1.0,0.3,5000
259,10,small-world,1.0,0.3,10000
260,10,small-world,1.0,0.4,500
261,10,small-world,1.0,0.4,1000
262,10,small-world,1.0,0.4,2000
263,10,small-world,1.0,0.4,5000
264,10,small-world,1.0,0.4,10000
265,10,small-world,1.0,0.5,500
266,10,small-world,1.0,0.5,1000
267,10,small-world,1.0,0.5,2000
268,10,small-world,1.0,0.5,5000
269,10,small-world,1.0,0.5,10000
270,20,ba,0.0,0.0,500
271,20,ba,0.0,0.0,1000
272,20,ba,0.0,0.0,2000
273,20,ba,0.0,0.0,5000
274,20,ba,0.0,0.0,10000
275,20,ba,0.0,0.1,500
276,20,ba,0.0,0.1,1000
277,20,ba,0.0,0.1,2000
278,20,ba,0.0,0.1,5000
279,20,ba,0.0,0.1,10000
280,20,ba,0.0,0.2,500
281,20,ba,0.0,0.2,1000
282,20,ba,0.0,0.2,2000
283,20,ba,0.0,0.2,5000
284,20,ba,0.0,0.2,10000
285,20,ba,0.0,0.3,500
286,20,ba,0.0,0.3,1000
287,20,ba,0.0,0.3,2000
288,20,ba,0.0,0.3,5000
289,20,ba,0.0,0.3,10000
290,20,ba,0.0,0.4,500
291,20,ba,0.0,0.4,1000
292,20,ba,0.0,0.4,2000
293,20,ba,0.0,0.4,5000
294,20,ba,0.0,0.4,10000
295,20,ba,0.0,0.5,500
296,20,ba,0.0,0.5,1000
297,20,ba,0.0,0.5,2000
298,20,ba,0.0,0.5,5000
299,20,ba,0.0,0.5,10000
300,20,ba,0.5,0.0,500
301,20,ba,0.5,0.0,1000
302,20,ba,0.5,0.0,2000
303,20,ba,0.5,0.0,5000
304,20,ba,0.5,0.0,10000
305,20,ba,0.5,0.1,500
306,20,ba,0.5,0.1,1000
307,20,ba,0.5,0.1,2000
308,20,ba,0.5,0.1,5000
309,20,ba,0.5,0.1,10000
310,20,ba,0.5,0.2,500
311,20,ba,0.5,0.2,1000
312,20,ba,0.5,0.2,2000
313,20,ba,0.5,0.2,5000
314,20,ba,0.5,0.2,10000
315,20,ba,0.5,0.3,500
316,20,ba,0.5,0.3,1000
317,20,ba,0.5,0.3,2000
318,20,ba,0.5,0.3,5000
319,20,ba,0.5,0.3,10000
320,20,ba,0.5,0.4,500
321,20,ba,0.5,0.4,1000
322,20,ba,0.5,0.4,2000
323,20,ba,0.5,0.4,5000
324,20,ba,0.5,0.4,10000
325,20,ba,0.5,0.5,500
326,20,ba,0.5,0.5,1000
327,20,ba,0.5,0.5,2000
328,20,ba,0.5,0.5,5000
329,20,ba,0.5,0.5,10000
330,20,ba,1.0,0.0,500
331,20,ba,1.0,0.0,1000
332,20,ba,1.0,0.0,2000
333,20,ba,1.0,0.0,5000
334,20,ba,1.0,0.0,10000
335,20,ba,1.0,0.1,500
336,20,ba,1.0,0.1,1000
337,20,ba,1.0,0.1,2000
338,20,ba,1.0,0.1,5000
339,20,ba,1.0,0.1,10000
340,20,ba,1.0,0.2,500
341,20,ba,1.0,0.2,1000
342,20,ba,1.0,0.2,2000
343,20,ba,1.0,0.2,5000
344,20,ba,1.0,0.2,10000
345,20,ba,1.0,0.3,500
346,20,ba,1.0,0.3,1000
347,20,ba,1.0,0.3,2000
348,20,ba,1.0,0.3,5000
349,20,ba,1.0,0.3,10000
350,20,ba,1.0,0.4,500
351,20,ba,1.0,0.4,1000
352,20,ba,1.0,0.4,2000
353,20,ba,1.0,0.4,5000
354,20,ba,1.0,0.4,10000
355,20,ba,1.0,0.5,500
356,20,ba,1.0,0.5,1000
357,20,ba,1.0,0.5,2000
358,20,ba,1.0,0.5,5000
359,20,ba,1.0,0.5,10000
360,20,er,0.0,0.0,500
361,20,er,0.0,0.0,1000
362,20,er,0.0,0.0,2000
363,20,er,0.0,0.0,5000
364,20,er,0.0,0.0,10000
365,20,er,0.0,0.1,500
366,20,er,0.0,0.1,1000
367,20,er,0.0,0.1,2000
368,20,er,0.0,0.1,5000
369,20,er,0.0,0.1,10000
370,20,er,0.0,0.2,500
371,20,er,0.0,0.2,1000
372,20,er,0.0,0.2,2000
373,20,er,0.0,0.2,5000
374,20,er,0.0,0.2,10000
375,20,er,0.0,0.3,500
376,20,er,0.0,0.3,1000
377,20,er,0.0,0.3,2000
378,20,er,0.0,0.3,5000
379,20,er,0.0,0.3,10000
380,20,er,0.0,0.4,500
381,20,er,0.0,0.4,1000
382,20,er,0.0,0.4,2000
383,20,er,0.0,0.4,5000
384,20,er,0.0,0.4,10000
385,20,er,0.0,0.5,500
386,20,er,0.0,0.5,1000
387,20,er,0.0,0.5,2000
388,20,er,0.0,0.5,5000
389,20,er,0.0,0.5,10000
390,20,er,0.5,0.0,500
391,20,er,0.5,0.0,1000
392,20,er,0.5,0.0,2000
393,20,er,0.5,0.0,5000
394,20,er,0.5,0.0,10000
395,20,er,0.5,0.1,500
396,20,er,0.5,0.1,1000
397,20,er,0.5,0.1,2000
398,20,er,0.5,0.1,5000
399,20,er,0.5,0.1,10000
400,20,er,0.5,0.2,500
401,20,er,0.5,0.2,1000
402,20,er,0.5,0.2,2000
403,20,er,0.5,0.2,5000
404,20,er,0.5,0.2,10000
405,20,er,0.5,0.3,500
406,20,er,0.5,0.3,1000
407,20,er,0.5,0.3,2000
408,20,er,0.5,0.3,5000
409,20,er,0.5,0.3,10000
410,20,er,0.5,0.4,500
411,20,er,0.5,0.4,1000
412,20,er,0.5,0.4,2000
413,20,er,0.5,0.4,5000
414,20,er,0.5,0.4,10000
415,20,er,0.5,0.5,500
416,20,er,0.5,0.5,1000
417,20,er,0.5,0.5,2000
418,20,er,0.5,0.5,5000
419,20,er,0.5,0.5,10000
420,20,er,1.0,0.0,500
421,20,er,1.0,0.0,1000
422,20,er,1.0,0.0,2000
423,20,er,1.0,0.0,5000
424,20,er,1.0,0.0,10000
425,20,er,1.0,0.1,500
426,20,er,1.0,0.1,1000
427,20,er,1.0,0.1,2000
428,20,er,1.0,0.1,5000
429,20,er,1.0,0.1,10000
430,20,er,1.0,0.2,500
431,20,er,1.0,0.2,1000
432,20,er,1.0,0.2,2000
433,20,er,1.0,0.2,5000
434,20,er,1.0,0.2,10000
435,20,er,1.0,0.3,500
436,20,er,1.0,0.3,1000
437,20,er,1.0,0.3,2000
438,20,er,1.0,0.3,5000
439,20,er,1.0,0.3,10000
440,20,er,1.0,0.4,500
441,20,er,1.0,0.4,1000
442,20,er,1.0,0.4,2000
443,20,er,1.0,0.4,5000
444,20,er,1.0,0.4,10000
445,20,er,1.0,0.5,500
446,20,er,1.0,0.5,1000
447,20,er,1.0,0.5,2000
448,20,er,1.0,0.5,5000
449,20,er,1.0,0.5,10000
450,20,small-world,0.0,0.0,500
451,20,small-world,0.0,0.0,1000
452,20,small-world,0.0,0.0,2000
453,20,small-world,0.0,0.0,5000
454,20,small-world,0.0,0.0,10000
455,20,small-world,0.0,0.1,500
456,20,small-world,0.0,0.1,1000
457,20,small-world,0.0,0.1,2000
458,20,small-world,0.0,0.1,5000
459,20,small-world,0.0,0.1,10000
460,20,small-world,0.0,0.2,500
461,20,small-world,0.0,0.2,1000
462,20,small-world,0.0,0.2,2000
463,20,small-world,0.0,0.2,5000
464,20,small-world,0.0,0.2,10000
465,20,small-world,0.0,0.3,500
466,20,small-world,0.0,0.3,1000
467,20,small-world,0.0,0.3,2000
468,20,small-world,0.0,0.3,5000
469,20,small-world,0.0,0.3,10000
470,20,small-world,0.0,0.4,500
471,20,small-world,0.0,0.4,1000
472,20,small-world,0.0,0.4,2000
473,20,small-world,0.0,0.4,5000
474,20,small-world,0.0,0.4,10000
475,20,small-world,0.0,0.5,500
476,20,small-world,0.0,0.5,1000
477,20,small-world,0.0,0.5,2000
478,20,small-world,0.0,0.5,5000
479,20,small-world,0.0,0.5,10000
480,20,small-world,0.5,0.0,500
481,20,small-world,0.5,0.0,1000
482,20,small-world,0.5,0.0,2000
483,20,small-world,0.5,0.0,5000
484,20,small-world,0.5,0.0,10000
485,20,small-world,0.5,0.1,500
486,20,small-world,0.5,0.1,1000
487,20,small-world,0.5,0.1,2000
488,20,small-world,0.5,0.1,5000
489,20,small-world,0.5,0.1,10000
490,20,small-world,0.5,0.2,500
491,20,small-world,0.5,0.2,1000
492,20,small-world,0.5,0.2,2000
493,20,small-world,0.5,0.2,5000
494,20,small-world,0.5,0.2,10000
495,20,small-world,0.5,0.3,500
496,20,small-world,0.5,0.3,1000
497,20,small-world,0.5,0.3,2000
498,20,small-world,0.5,0.3,5000
499,20,small-world,0.5,0.3,10000
500,20,small-world,0.5,0.4,500
501,20,small-world,0.5,0.4,1000
502,20,small-world,0.5,0.4,2000
503,20,small-world,0.5,0.4,5000
504,20,small-world,0.5,0.4,10000
505,20,small-world,0.5,0.5,500
506,20,small-world,0.5,0.5,1000
507,20,small-world,0.5,0.5,2000
508,20,small-world,0.5,0.5,5000
509,20,small-world,0.5,0.5,10000
510,20,small-world,1.0,0.0,500
511,20,small-world,1.0,0.0,1000
512,20,small-world,1.0,0.0,2000
513,20,small-world,1.0,0.0,5000
514,20,small-world,1.0,0.0,10000
515,20,small-world,1.0,0.1,500
516,20,small-world,1.0,0.1,1000
517,20,small-world,1.0,0.1,2000
518,20,small-world,1.0,0.1,5000
519,20,small-world,1.0,0.1,10000
520,20,small-world,1.0,0.2,500
521,20,small-world,1.0,0.2,1000
522,20,small-world,1.0,0.2,2000
523,20,small-world,1.0,0.2,5000
524,20,small-world,1.0,0.2,10000
525,20,small-world,1.0,0.3,500
526,20,small-world,1.0,0.3,1000
527,20,small-world,1.0,0.3,2000
528,20,small-world,1.0,0.3,5000
529,20,small-world,1.0,0.3,10000
530,20,small-world,1.0,0.4,500
531,20,small-world,1.0,0.4,1000
532,20,small-world,1.0,0.4,2000
533,20,small-world,1.0,0.4,5000
534,20,small-world,1.0,0.4,10000
535,20,small-world,1.0,0.5,500
536,20,small-world,1.0,0.5,1000
537,20,small-world,1.0,0.5,2000
538,20,small-world,1.0,0.5,5000
539,20,small-world,1.0,0.5,10000
540,30,ba,0.0,0.0,500
541,30,ba,0.0,0.0,1000
542,30,ba,0.0,0.0,2000
543,30,ba,0.0,0.0,5000
544,30,ba,0.0,0.0,10000
545,30,ba,0.0,0.1,500
546,30,ba,0.0,0.1,1000
547,30,ba,0.0,0.1,2000
548,30,ba,0.0,0.1,5000
549,30,ba,0.0,0.1,10000
550,30,ba,0.0,0.2,500
551,30,ba,0.0,0.2,1000
552,30,ba,0.0,0.2,2000
553,30,ba,0.0,0.2,5000
554,30,ba,0.0,0.2,10000
555,30,ba,0.0,0.3,500
556,30,ba,0.0,0.3,1000
557,30,ba,0.0,0.3,2000
558,30,ba,0.0,0.3,5000
559,30,ba,0.0,0.3,10000
560,30,ba,0.0,0.4,500
561,30,ba,0.0,0.4,1000
562,30,ba,0.0,0.4,2000
563,30,ba,0.0,0.4,5000
564,30,ba,0.0,0.4,10000
565,30,ba,0.0,0.5,500
566,30,ba,0.0,0.5,1000
567,30,ba,0.0,0.5,2000
568,30,ba,0.0,0.5,5000
569,30,ba,0.0,0.5,10000
570,30,ba,0.5,0.0,500
571,30,ba,0.5,0.0,1000
572,30,ba,0.5,0.0,2000
573,30,ba,0.5,0.0,5000
574,30,ba,0.5,0.0,10000
575,30,ba,0.5,0.1,500
576,30,ba,0.5,0.1,1000
577,30,ba,0.5,0.1,2000
578,30,ba,0.5,0.1,5000
579,30,ba,0.5,0.1,10000
580,30,ba,0.5,0.2,500
581,30,ba,0.5,0.2,1000
582,30,ba,0.5,0.2,2000
583,30,ba,0.5,0.2,5000
584,30,ba,0.5,0.2,10000
585,30,ba,0.5,0.3,500
586,30,ba,0.5,0.3,1000
587,30,ba,0.5,0.3,2000
588,30,ba,0.5,0.3,5000
589,30,ba,0.5,0.3,10000
590,30,ba,0.5,0.4,500
591,30,ba,0.5,0.4,1000
592,30,ba,0.5,0.4,2000
593,30,ba,0.5,0.4,5000
594,30,ba,0.5,0.4,10000
595,30,ba,0.5,0.5,500
596,30,ba,0.5,0.5,1000
597,30,ba,0.5,0.5,2000
598,30,ba,0.5,0.5,5000
599,30,ba,0.5,0.5,10000
600,30,ba,1.0,0.0,500
601,30,ba,1.0,0.0,1000
602,30,ba,1.0,0.0,2000
603,30,ba,1.0,0.0,5000
604,30,ba,1.0,0.0,10000
605,30,ba,1.0,0.1,500
606,30,ba,1.0,0.1,1000
607,30,ba,1.0,0.1,2000
608,30,ba,1.0,0.1,5000
609,30,ba,1.0,0.1,10000
610,30,ba,1.0,0.2,500
611,30,ba,1.0,0.2,1000
612,30,ba,1.0,0.2,2000
613,30,ba,1.0,0.2,5000
614,30,ba,1.0,0.2,10000
615,30,ba,1.0,0.3,500
616,30,ba,1.0,0.3,1000
617,30,ba,1.0,0.3,2000
618,30,ba,1.0,0.3,5000
619,30,ba,1.0,0.3,10000
620,30,ba,1.0,0.4,500
621,30,ba,1.0,0.4,1000
622,30,ba,1.0,0.4,2000
623,30,ba,1.0,0.4,5000
624,30,ba,1.0,0.4,10000
625,30,ba,1.0,0.5,500
626,30,ba,1.0,0.5,1000
627,30,ba,1.0,0.5,2000
628,30,ba,1.0,0.5,5000
629,30,ba,1.0,0.5,10000
630,30,er,0.0,0.0,500
631,30,er,0.0,0.0,1000
632,30,er,0.0,0.0,2000
633,30,er,0.0,0.0,5000
634,30,er,0.0,0.0,10000
635,30,er,0.0,0.1,500
636,30,er,0.0,0.1,1000
637,30,er,0.0,0.1,2000
638,30,er,0.0,0.1,5000
639,30,er,0.0,0.1,10000
640,30,er,0.0,0.2,500
641,30,er,0.0,0.2,1000
642,30,er,0.0,0.2,2000
643,30,er,0.0,0.2,5000
644,30,er,0.0,0.2,10000
645,30,er,0.0,0.3,500
646,30,er,0.0,0.3,1000
647,30,er,0.0,0.3,2000
648,30,er,0.0,0.3,5000
649,30,er,0.0,0.3,10000
650,30,er,0.0,0.4,500
651,30,er,0.0,0.4,1000
652,30,er,0.0,0.4,2000
653,30,er,0.0,0.4,5000
654,30,er,0.0,0.4,10000
655,30,er,0.0,0.5,500
656,30,er,0.0,0.5,1000
657,30,er,0.0,0.5,2000
658,30,er,0.0,0.5,5000
659,30,er,0.0,0.5,10000
660,30,er,0.5,0.0,500
661,30,er,0.5,0.0,1000
662,30,er,0.5,0.0,2000
663,30,er,0.5,0.0,5000
664,30,er,0.5,0.0,10000
665,30,er,0.5,0.1,500
666,30,er,0.5,0.1,1000
667,30,er,0.5,0.1,2000
668,30,er,0.5,0.1,5000
669,30,er,0.5,0.1,10000
670,30,er,0.5,0.2,500
671,30,er,0.5,0.2,1000
672,30,er,0.5,0.2,2000
673,30,er,0.5,0.2,5000
674,30,er,0.5,0.2,10000
675,30,er,0.5,0.3,500
676,30,er,0.5,0.3,1000
677,30,er,0.5,0.3,2000
678,30,er,0.5,0.3,5000
679,30,er,0.5,0.3,10000
680,30,er,0.5,0.4,500
681,30,er,0.5,0.4,1000
682,30,er,0.5,0.4,2000
683,30,er,0.5,0.4,5000
684,30,er,0.5,0.4,10000
685,30,er,0.5,0.5,500
686,30,er,0.5,0.5,1000
687,30,er,0.5,0.5,2000
688,30,er,0.5,0.5,5000
689,30,er,0.5,0.5,10000
690,30,er,1.0,0.0,500
691,30,er,1.0,0.0,1000
692,30,er,1.0,0.0,2000
693,30,er,1.0,0.0,5000
694,30,er,1.0,0.0,10000
695,30,er,1.0,0.1,500
696,30,er,1.0,0.1,1000
697,30,er,1.0,0.1,2000
698,30,er,1.0,0.1,5000
699,30,er,1.0,0.1,10000
700,30,er,1.0,0.2,500
701,30,er,1.0,0.2,1000
702,30,er,1.0,0.2,2000
703,30,er,1.0,0.2,5000
704,30,er,1.0,0.2,10000
705,30,er,1.0,0.3,500
706,30,er,1.0,0.3,1000
707,30,er,1.0,0.3,2000
708,30,er,1.0,0.3,5000
709,30,er,1.0,0.3,10000
710,30,er,1.0,0.4,500
711,30,er,1.0,0.4,1000
712,30,er,1.0,0.4,2000
713,30,er,1.0,0.4,5000
714,30,er,1.0,0.4,10000
715,30,er,1.0,0.5,500
716,30,er,1.0,0.5,1000
717,30,er,1.0,0.5,2000
718,30,er,1.0,0.5,5000
719,30,er,1.0,0.5,10000
720,30,small-world,0.0,0.0,500
721,30,small-world,0.0,0.0,1000
722,30,small-world,0.0,0.0,2000
723,30,small-world,0.0,0.0,5000
724,30,small-world,0.0,0.0,10000
725,30,small-world,0.0,0.1,500
726,30,small-world,0.0,0.1,1000
727,30,small-world,0.0,0.1,2000
728,30,small-world,0.0,0.1,5000
729,30,small-world,0.0,0.1,10000
730,30,small-world,0.0,0.2,500
731,30,small-world,0.0,0.2,1000
732,30,small-world,0.0,0.2,2000
733,30,small-world,0.0,0.2,5000
734,30,small-world,0.0,0.2,10000
735,30,small-world,0.0,0.3,500
736,30,small-world,0.0,0.3,1000
737,30,small-world,0.0,0.3,2000
738,30,small-world,0.0,0.3,5000
739,30,small-world,0.0,0.3,10000
740,30,small-world,0.0,0.4,500
741,30,small-world,0.0,0.4,1000
742,30,small-world,0.0,0.4,2000
743,30,small-world,0.0,0.4,5000
744,30,small-world,0.0,0.4,10000
745,30,small-world,0.0,0.5,500
746,30,small-world,0.0,0.5,1000
747,30,small-world,0.0,0.5,2000
748,30,small-world,0.0,0.5,5000
749,30,small-world,0.0,0.5,10000
750,30,small-world,0.5,0.0,500
751,30,small-world,0.5,0.0,1000
752,30,small-world,0.5,0.0,2000
753,30,small-world,0.5,0.0,5000
754,30,small-world,0.5,0.0,10000
755,30,small-world,0.5,0.1,500
756,30,small-world,0.5,0.1,1000
757,30,small-world,0.5,0.1,2000
758,30,small-world,0.5,0.1,5000
759,30,small-world,0.5,0.1,10000
760,30,small-world,0.5,0.2,500
761,30,small-world,0.5,0.2,1000
762,30,small-world,0.5,0.2,2000
763,30,small-world,0.5,0.2,5000
764,30,small-world,0.5,0.2,10000
765,30,small-world,0.5,0.3,500
766,30,small-world,0.5,0.3,1000
767,30,small-world,0.5,0.3,2000
768,30,small-world,0.5,0.3,5000
769,30,small-world,0.5,0.3,10000
770,30,small-world,0.5,0.4,500
771,30,small-world,0.5,0.4,1000
772,30,small-world,0.5,0.4,2000
773,30,small-world,0.5,0.4,5000
774,30,small-world,0.5,0.4,10000
775,30,small-world,0.5,0.5,500
776,30,small-world,0.5,0.5,1000
777,30,small-world,0.5,0.5,2000
778,30,small-world,0.5,0.5,5000
779,30,small-world,0.5,0.5,10000
780,30,small-world,1.0,0.0,500
781,30,small-world,1.0,0.0,1000
782,30,small-world,1.0,0.0,2000
783,30,small-world,1.0,0.0,5000
784,30,small-world,1.0,0.0,10000
785,30,small-world,1.0,0.1,500
786,30,small-world,1.0,0.1,1000
787,30,small-world,1.0,0.1,2000
788,30,small-world,1.0,0.1,5000
789,30,small-world,1.0,0.1,10000
790,30,small-world,1.0,0.2,500
791,30,small-world,1.0,0.2,1000
792,30,small-world,1.0,0.2,2000
793,30,small-world,1.0,0.2,5000
794,30,small-world,1.0,0.2,10000
795,30,small-world,1.0,0.3,500
796,30,small-world,1.0,0.3,1000
797,30,small-world,1.0,0.3,2000
798,30,small-world,1.0,0.3,5000
799,30,small-world,1.0,0.3,10000
800,30,small-world,1.0,0.4,500
801,30,small-world,1.0,0.4,1000
802,30,small-world,1.0,0.4,2000
803,30,small-world,1.0,0.4,5000
804,30,small-world,1.0,0.4,10000
805,30,small-world,1.0,0.5,500
806,30,small-world,1.0,0.5,1000
807,30,small-world,1.0,0.5,2000
808,30,small-world,1.0,0.5,5000
809,30,small-world,1.0,0.5,10000
