crossover_proportion,crossover_edges,mutation_prob,elitism_proportion,mean,std,count
0.2,5,1.0,0.1,-115660.81257714031,1519.4220760443466,2
0.3,4,1.0,0.1,-116644.59069680188,587.7220960337596,2
0.5,1,1.0,0.1,-116666.39042023294,1683.21781030537,2
0.2,4,0.9,0.1,-116734.54053047957,1783.021417636487,2
0.2,4,1.0,0.1,-117894.91831161108,2512.301878793823,2
0.2,5,0.9,0.2,-117898.087715882,5634.586662297069,2
0.4,4,1.0,0.2,-117998.37326459948,2516.9150546859164,2
0.3,5,0.9,0.1,-118220.10484204095,3668.882228792658,2
0.2,5,0.9,0.1,-118262.88813278344,1057.2969356120025,2
0.3,3,1.0,0.1,-118290.88719987564,306.5361102003331,2
0.2,1,0.9,0.2,-118359.40122070943,2294.0096285518407,2
0.2,1,0.8,0.1,-118481.247002938,3401.3969229612653,2
0.2,4,1.0,0.2,-118485.5574476459,2621.0111810218336,2
0.4,4,1.0,0.1,-118705.40093808004,818.4167009953493,2
0.3,1,1.0,0.1,-118715.23051670013,2356.021029220105,2
0.5,4,0.8,0.2,-118777.51130489525,889.0157023859238,2
0.3,2,0.9,0.2,-118809.87548536992,2027.2771256033475,2
0.2,2,0.9,0.1,-118841.74272306217,1060.810178099442,2
0.2,1,1.0,0.1,-118887.11806163634,3725.1532506207245,2
0.2,1,1.0,0.2,-118900.90003647623,3250.501646391972,2
0.3,5,0.8,0.2,-118995.21862835274,2742.1206368465737,2
0.4,4,0.9,0.1,-118999.24097747235,1582.60804039408,2
0.2,5,0.7,0.1,-119006.48629417445,1293.9062478935957,2
0.2,4,0.8,0.1,-119030.42345652168,1771.460366212749,2
0.5,2,1.0,0.3,-119109.2495894226,111.8686513431513,2
0.2,3,0.8,0.1,-119135.01044192485,1713.6038788065707,2
0.4,1,0.9,0.2,-119191.57790675122,212.30777773148122,2
0.3,4,1.0,0.3,-119208.22658115104,2337.3553641982226,2
0.3,4,0.9,0.1,-119256.60315153789,1280.158163796623,2
0.4,1,0.9,0.3,-119266.03232771848,130.95655178441964,2
0.3,1,1.0,0.2,-119390.61899926205,1855.8096506419358,2
0.6,1,1.0,0.3,-119444.73411112448,2944.6320400926506,2
0.3,2,0.8,0.1,-119444.73763298139,720.814244024315,2
0.2,4,0.7,0.3,-119463.08585722907,4323.904905177348,2
0.3,4,0.8,0.1,-119463.91032851848,2396.996692784198,2
0.2,5,1.0,0.2,-119471.80028078536,590.6249880046649,2
0.2,2,0.8,0.2,-119488.90473697266,905.7831093854179,2
0.2,3,0.8,0.2,-119500.0804518293,4538.599917180835,2
0.2,3,1.0,0.2,-119567.24105036058,2996.6340955413198,2
0.3,5,0.7,0.2,-119569.53991853827,1836.4513720234402,2
0.4,5,1.0,0.1,-119569.62435022002,143.75355629867852,2
0.5,2,0.7,0.3,-119599.80402820843,1729.8880347714207,2
0.3,2,0.9,0.1,-119600.56277825472,2020.2885277349967,2
0.2,2,1.0,0.1,-119644.21623095436,924.1940069510845,2
0.4,3,1.0,0.1,-119730.83831059195,4000.4055646149254,2
0.2,2,0.6,0.3,-119791.62572449604,1562.4387843404566,2
0.4,1,0.9,0.4,-119847.68019353502,1582.9003552041638,2
0.3,2,0.8,0.2,-119868.66836323251,4923.748519370028,2
0.3,2,1.0,0.1,-119903.65311057988,2018.6582258933106,2
0.3,4,1.0,0.4,-119970.54623468118,3349.369337021311,2
0.3,3,0.6,0.2,-119970.8738917552,3555.763857525904,2
0.4,1,0.8,0.1,-120028.41530981881,264.4151636122359,2
0.6,2,1.0,0.1,-120044.17482513834,574.5838185318084,2
0.4,3,0.9,0.1,-120072.57541370354,2856.0282476569696,2
0.4,5,0.8,0.1,-120123.65995622458,294.9881868326586,2
0.5,1,0.9,0.2,-120136.52460774189,3044.536980005003,2
0.2,1,0.7,0.1,-120158.81849298131,2717.6014713643576,2
0.2,3,0.9,0.1,-120191.72293992268,723.8759043424876,2
0.2,3,0.7,0.4,-120203.51519402987,1563.0696847367108,2
0.6,2,0.9,0.1,-120215.76161158629,1187.0735306103863,2
0.4,3,0.6,0.3,-120304.51106347813,383.25194206704964,2
0.5,2,0.9,0.1,-120309.7052740099,1238.2619973191222,2
0.3,1,1.0,0.4,-120357.83509852007,468.09847257769485,2
0.2,3,0.9,0.2,-120408.37027489283,765.0670375528867,2
0.4,3,0.8,0.1,-120427.49906864058,4413.4590872612425,2
0.5,2,1.0,0.1,-120494.33446034646,765.3342614161218,2
0.3,3,1.0,0.3,-120498.2017000066,1935.1097121623693,2
0.5,4,1.0,0.1,-120515.49933038707,1176.5252542177532,2
0.4,2,0.8,0.1,-120532.123889924,1566.384750875082,2
0.6,2,1.0,0.2,-120548.13683998556,2652.0236409227114,2
0.6,1,0.9,0.1,-120569.56008573232,3326.8135348398414,2
0.2,1,0.9,0.1,-120586.58288968443,1274.694386763261,2
0.4,4,0.9,0.2,-120598.31910196837,557.1695031326605,2
0.4,1,1.0,0.5,-120613.61928961764,123.23199609358545,2
0.4,1,1.0,0.1,-120626.1342373962,3122.9514460056216,2
0.2,1,0.9,0.4,-120670.70387366708,1229.5185618934117,2
0.2,2,0.9,0.2,-120692.32385366072,1076.7642017909689,2
0.3,4,0.7,0.1,-120718.98667646348,0.8779034561935868,2
0.2,4,0.7,0.2,-120720.73566252523,2940.2748884134708,2
0.2,2,0.8,0.1,-120724.57781720598,892.224113738532,2
0.6,5,0.9,0.4,-120734.07417169264,632.9436642053678,2
0.4,1,0.8,0.2,-120760.25824893851,6143.432868115039,2
0.3,4,0.9,0.3,-120779.76048139742,4714.405544391262,2
0.6,4,1.0,0.4,-120782.59912177615,1022.2893703641707,2
0.6,1,0.9,0.3,-120793.47575691495,374.6371232874666,2
0.4,3,0.9,0.3,-120795.38944971841,1025.2266956847282,2
0.2,4,0.9,0.4,-120826.1829535291,2602.3413077190644,2
0.6,1,1.0,0.2,-120850.0068011368,1101.3506621584932,2
0.5,1,0.6,0.1,-120863.75501677765,2099.1862327728545,2
0.2,3,1.0,0.3,-120879.45935177992,508.91597739277967,2
0.3,2,0.9,0.3,-120887.15772337816,2707.176797082231,2
0.2,2,1.0,0.4,-120894.92825798012,1575.7921286846,2
0.3,4,0.6,0.2,-120923.96184370121,1242.3720883201222,2
0.6,4,1.0,0.1,-120939.6987594367,758.9818113596601,2
0.3,5,1.0,0.1,-120950.9426555773,994.9711325704944,2
0.4,5,0.9,0.2,-120982.38494169958,991.3918445990317,2
0.3,1,0.6,0.1,-120987.88970203254,4414.530123390717,2
0.5,3,0.7,0.3,-121030.61753984066,716.7990615265514,2
0.2,2,1.0,0.2,-121041.14113616181,828.1779298024093,2
0.2,1,0.6,0.2,-121051.22121317877,3809.820304118132,2
0.5,3,1.0,0.3,-121058.438238595,4330.129499653463,2
0.4,3,1.0,0.2,-121079.78774609658,401.99226819169104,2
0.2,3,1.0,0.1,-121106.67173279266,1395.6911900608447,2
0.5,5,0.9,0.1,-121110.94906308054,2879.4834501584537,2
0.6,3,1.0,0.2,-121123.88134868463,637.5394970215176,2
0.4,1,0.7,0.1,-121160.96406692074,3687.168508407657,2
0.6,5,0.8,0.1,-121171.80306632297,1397.1077852809947,2
0.6,4,0.9,0.4,-121183.91438956832,461.59573450716186,2
0.2,3,0.7,0.1,-121209.25748151963,1492.9854010165184,2
0.4,2,1.0,0.4,-121210.96099958746,166.26327252503052,2
0.5,5,1.0,0.1,-121229.72625005207,150.15235280815187,2
0.2,3,0.7,0.2,-121240.74307949343,3.0450325211178115,2
0.6,4,1.0,0.2,-121271.91297372367,1929.3803132755206,2
0.2,3,0.8,0.3,-121276.96265736694,1763.8997720720852,2
0.5,3,0.8,0.1,-121281.45644291575,1957.4273941344293,2
0.2,2,1.0,0.3,-121318.60160643386,621.928488357907,2
0.6,3,1.0,0.1,-121342.17697986096,1503.7228449617678,2
0.5,1,0.8,0.1,-121356.45059635924,1722.6398467725367,2
0.3,3,1.0,0.2,-121364.07069627383,4239.128429657063,2
0.6,5,1.0,0.4,-121371.69618566244,1178.2513374276386,2
0.2,4,0.6,0.2,-121377.11548669393,250.79423394680677,2
0.3,5,0.9,0.2,-121388.05729977654,1761.9305390711818,2
0.3,1,1.0,0.3,-121409.27769422716,426.7771454164344,2
0.2,4,0.9,0.2,-121412.63013136805,2330.5045639965538,2
0.5,5,0.8,0.1,-121443.42951238331,990.5042652072449,2
0.6,4,1.0,0.3,-121449.63470590304,1773.1549679019176,2
0.4,1,1.0,0.4,-121457.8495960989,3005.180215893663,2
0.3,3,0.9,0.5,-121461.13898530671,1906.751884232849,2
0.4,3,0.7,0.1,-121468.56855395011,873.598944024067,2
0.4,2,1.0,0.3,-121472.29078762006,506.80960157797887,2
0.5,1,0.9,0.1,-121482.13628700668,1097.8191433345723,2
0.2,3,0.6,0.4,-121482.41682067358,1860.249942416536,2
0.4,5,0.7,0.2,-121506.11114296381,2297.6707247643426,2
0.3,4,0.8,0.3,-121512.33804318053,967.2593662432598,2
0.5,1,0.7,0.1,-121540.86725625943,2276.245026269866,2
0.2,5,0.7,0.5,-121542.4547553548,1076.281646226874,2
0.3,4,0.9,0.4,-121548.29110201728,1256.2700632514848,2
0.4,2,1.0,0.2,-121559.37069996913,552.7693800584002,2
0.3,4,0.8,0.2,-121559.95626161451,900.878221347798,2
0.5,2,0.8,0.1,-121570.59095331178,728.1005207807632,2
0.5,2,1.0,0.5,-121573.06350926534,3208.2719871453073,2
0.6,3,1.0,0.3,-121613.52750865842,3245.0393831750844,2
0.3,1,0.6,0.2,-121626.98028808151,1935.4563382707383,2
0.3,1,0.7,0.2,-121639.02419421767,2131.3659538394822,2
0.3,3,1.0,0.5,-121650.90422562974,4241.994092548337,2
0.4,2,0.8,0.2,-121653.7838840429,3048.2309325969477,2
0.5,1,0.7,0.3,-121660.7995507681,2172.7959938742115,2
0.4,5,1.0,0.4,-121672.05649140221,1081.7872254351537,2
0.3,1,0.9,0.3,-121675.40168569432,219.55062043657227,2
0.6,1,1.0,0.1,-121675.7502794773,1466.2773504601598,2
0.6,1,0.8,0.2,-121678.94956400245,3145.8972370292304,2
0.6,1,0.7,0.3,-121700.14671951998,4.073646823394519,2
0.2,1,0.6,0.3,-121729.38417605308,1465.8890899673406,2
0.5,4,0.7,0.1,-121733.6269905493,828.8828517256765,2
0.6,5,0.9,0.1,-121735.53090919805,936.5148765804477,2
0.3,3,0.8,0.2,-121735.60030807868,1855.8789485618124,2
0.6,3,0.7,0.4,-121771.18119157202,135.37168050924393,2
0.6,1,0.7,0.1,-121790.62205955038,2113.5591829333935,2
0.4,3,0.9,0.4,-121791.49688697331,3863.0439600613404,2
0.4,2,1.0,0.1,-121850.3086980654,3506.584194380478,2
0.3,3,0.8,0.1,-121867.6472107442,850.4283095162045,2
0.3,1,0.9,0.2,-121868.2942525704,1096.2701435164008,2
0.5,4,0.9,0.1,-121876.55467900619,3544.804102142026,2
0.2,4,0.7,0.1,-121882.67086768533,900.7757970230657,2
0.4,1,0.6,0.2,-121898.09826830628,1707.422784055874,2
0.3,3,0.7,0.1,-121916.29361667103,1090.6147643314653,2
0.2,1,0.6,0.4,-121919.87610294487,1152.9153369299547,2
0.5,5,0.7,0.1,-121934.47759297815,1565.515371146875,2
0.6,5,0.9,0.2,-121938.2062928507,2916.8938871937235,2
0.4,4,0.6,0.3,-121947.03417941279,1290.6202721116777,2
0.2,5,0.9,0.3,-121978.7953548737,1349.0521092856404,2
0.6,5,0.8,0.2,-121982.82372123442,2693.5576142761156,2
0.5,5,0.9,0.5,-121985.71566761407,3168.278053586304,2
0.4,2,0.9,0.3,-121988.8812934586,3596.954439647341,2
0.4,2,0.7,0.1,-121993.4537601704,1831.0396348171785,2
0.4,5,0.9,0.4,-121999.06735691635,847.0536793987521,2
0.2,3,1.0,0.4,-122022.52461423572,748.4755793498969,2
0.2,3,0.6,0.1,-122036.85238492623,841.6989088581149,2
0.4,5,0.8,0.2,-122039.07374881042,500.9625229870511,2
0.2,1,1.0,0.3,-122046.78307696231,2089.822499766589,2
0.3,1,0.7,0.3,-122048.80991334422,2117.1868839398717,2
0.6,1,0.7,0.2,-122056.64035134215,614.4333475499038,2
0.4,1,0.9,0.1,-122062.28141809779,4005.8672592337575,2
0.3,5,0.9,0.3,-122067.0732422434,2840.796171144576,2
0.2,1,0.7,0.5,-122088.28932597814,184.36203383876725,2
0.6,1,0.9,0.4,-122091.69018912103,3955.7590034014056,2
0.2,4,1.0,0.4,-122112.18010245325,33.699802391725896,2
0.4,3,1.0,0.3,-122115.44450833349,4366.548903552947,2
0.3,5,1.0,0.5,-122117.58362219026,3600.85455463872,2
0.2,3,0.6,0.2,-122126.40006997556,110.10045406118925,2
0.3,5,0.7,0.5,-122126.65773267418,132.16132946388313,2
0.5,4,0.7,0.2,-122161.43932210474,791.2083148003154,2
0.4,4,0.9,0.3,-122167.8666007497,2930.188949503854,2
0.3,5,1.0,0.3,-122174.60183945362,2211.8386150898023,2
0.3,5,0.7,0.1,-122175.69757507477,710.45317271405,2
0.5,3,1.0,0.1,-122183.32139936925,956.7637218165153,2
0.5,3,0.9,0.1,-122190.19035267312,770.8474233988672,2
0.4,3,1.0,0.4,-122207.19579739048,631.0814903677284,2
0.4,1,0.8,0.4,-122209.13016140864,1431.6540672935068,2
0.4,2,0.8,0.3,-122212.33522920276,1016.3117745495969,2
0.2,4,0.8,0.2,-122220.8573985325,1015.3090347529438,2
0.5,3,0.9,0.3,-122222.18061620247,417.7936282926166,2
0.5,2,0.6,0.3,-122244.0868212925,559.0919132050685,2
0.4,3,0.8,0.2,-122245.63161938434,398.4794937167589,2
0.2,5,0.8,0.3,-122254.47676521723,647.9565216889225,2
0.3,5,1.0,0.2,-122278.58872814625,2449.6721661009096,2
0.5,3,0.8,0.4,-122285.69372822871,347.8657820580095,2
0.4,5,1.0,0.3,-122318.63483568092,2724.9948951590864,2
0.4,2,0.9,0.2,-122332.99178245361,4634.134466086477,2
0.2,1,0.8,0.2,-122343.8385174864,1076.4072030176133,2
0.2,3,1.0,0.5,-122352.53769169899,1885.9858786876016,2
0.5,3,0.7,0.1,-122361.84763649057,1765.0874136925847,2
0.3,2,0.6,0.2,-122362.93335213042,340.7983995692583,2
0.4,4,1.0,0.4,-122363.29610256533,48.01402914056153,2
0.4,5,1.0,0.2,-122363.87593879804,2494.1618514379315,2
0.3,3,0.9,0.1,-122370.7921377638,293.10730851678983,2
0.2,4,0.7,0.4,-122371.32992002563,2943.457621927153,2
0.6,2,1.0,0.4,-122372.64991099393,1903.819235382942,2
0.2,4,0.8,0.3,-122386.11360648264,2110.406007467992,2
0.2,5,1.0,0.3,-122393.76813751229,734.1574415553085,2
0.4,4,0.8,0.2,-122402.68450570788,3556.0542957031316,2
0.3,4,0.9,0.2,-122406.88135669229,80.23147428602859,2
0.6,3,0.6,0.1,-122409.73232016267,1851.8895490819273,2
0.6,4,0.9,0.1,-122448.39996953431,1741.0561264186065,2
0.2,1,0.9,0.5,-122458.43067079122,1843.9606663329002,2
0.3,4,0.6,0.1,-122463.21234363121,4006.025258013975,2
0.2,5,0.6,0.4,-122465.4336146176,743.423200417914,2
0.6,4,0.8,0.1,-122466.48952564385,3443.9387779911253,2
0.4,5,0.9,0.1,-122508.99594241931,1712.0798303123597,2
0.2,1,1.0,0.4,-122532.02533995641,1968.418176810481,2
0.3,5,0.8,0.3,-122536.5494416753,2701.045955304323,2
0.5,2,1.0,0.2,-122539.27840547642,3545.733294955685,2
0.4,2,0.9,0.4,-122544.73343076411,256.3480678791353,2
0.4,1,1.0,0.2,-122548.04211867403,531.3489353922483,2
0.4,2,0.9,0.1,-122548.18266496455,1151.7504245090697,2
0.2,3,0.7,0.5,-122558.28881232678,1249.261148915635,2
0.4,3,0.9,0.2,-122561.97123028841,532.0457163889355,2
0.3,1,1.0,0.5,-122566.68256680538,423.7156500614539,2
0.4,4,0.8,0.3,-122566.94782398528,2524.090387514038,2
0.3,4,0.7,0.2,-122568.3830573564,2984.860581562524,2
0.5,1,1.0,0.3,-122577.41893083963,1622.7011436059315,2
0.2,5,0.7,0.2,-122580.39951227733,3543.30625692933,2
0.4,4,0.8,0.1,-122586.19786745787,1548.340704199291,2
0.5,1,0.9,0.3,-122599.23750704483,3209.996601513089,2
0.6,5,1.0,0.2,-122617.08233115589,885.6175934218159,2
0.6,1,0.9,0.2,-122621.21496803816,704.8120196818186,2
0.3,3,0.9,0.2,-122634.44378049142,1339.2074747859606,2
0.3,5,1.0,0.4,-122636.12447009169,1574.4463128149403,2
0.4,3,0.6,0.2,-122646.58829080932,534.2818098887525,2
0.5,2,0.9,0.3,-122661.46498791578,2772.9979767181803,2
0.3,5,0.8,0.4,-122665.37238866047,480.2317447373913,2
0.4,3,0.8,0.3,-122669.90533235652,1344.8055646998182,2
0.2,1,0.7,0.3,-122674.44042753086,1614.5870817404937,2
0.4,4,0.8,0.4,-122678.73888280927,3737.57187073293,2
0.5,5,0.6,0.2,-122685.88567805955,1011.9290607623743,2
0.3,2,0.9,0.4,-122688.05569603507,1828.569626380535,2
0.5,2,0.7,0.1,-122689.92468594422,2229.5864869840557,2
0.3,1,0.7,0.1,-122701.6417042381,541.6360691426162,2
0.3,2,0.7,0.1,-122709.55929651888,409.33992172879255,2
0.5,1,0.8,0.2,-122709.65832742307,3257.468964978696,2
0.3,2,1.0,0.2,-122717.04066647816,3287.904257698101,2
0.3,4,1.0,0.2,-122718.66350124599,2072.5551200529408,2
0.3,3,0.8,0.4,-122724.58377923512,206.44475029019404,2
0.2,4,0.9,0.5,-122729.8040593656,79.02858830812845,2
0.4,5,0.9,0.3,-122733.36796864969,1542.4784690554634,2
0.6,5,0.7,0.2,-122758.39410802966,1634.3989534584434,2
0.4,1,0.7,0.2,-122760.42880861787,445.68400747752673,2
0.3,2,1.0,0.4,-122762.49433610542,796.4324645096051,2
0.3,2,1.0,0.3,-122762.70517410923,2902.6499783498,2
0.6,3,0.9,0.2,-122774.90113458349,637.7545113515661,2
0.2,4,1.0,0.3,-122780.98653587277,1484.0409411259348,2
0.2,5,0.8,0.5,-122783.62390619724,3434.9396644424796,2
0.6,2,0.9,0.3,-122811.5132528994,1224.873539334331,2
0.2,3,0.9,0.3,-122812.36194269304,1649.3984774922926,2
0.6,2,0.9,0.4,-122816.38480964114,1249.2836906213822,2
0.2,2,0.9,0.3,-122817.01439757076,2324.5969557707267,2
0.6,1,0.6,0.1,-122817.20195852147,3778.4653773888945,2
0.5,4,0.8,0.1,-122859.62213546333,4333.177241918887,2
0.6,1,0.8,0.4,-122867.65800032881,1394.703149411534,2
0.3,2,0.8,0.3,-122868.68902531342,2051.058394222507,2
0.3,5,0.9,0.4,-122914.28410386162,239.0286083490231,2
0.4,2,0.6,0.3,-122915.10111104607,1958.0291921813784,2
0.2,4,0.9,0.3,-122918.39354474517,823.8589447914657,2
0.2,2,0.7,0.1,-122918.52000575338,5199.55668936668,2
0.3,5,0.9,0.5,-122922.66533150221,467.65799429136496,2
0.5,5,0.6,0.3,-122924.10900534714,281.40289527485334,2
0.5,2,0.8,0.2,-122952.6526759665,2543.5802826554464,2
0.2,5,0.7,0.4,-122960.3969481558,178.69421518609042,2
0.6,3,0.7,0.2,-122961.24866800044,601.1006118324714,2
0.2,1,0.9,0.3,-122978.72787756007,2531.4377063632164,2
0.5,1,1.0,0.5,-122988.52390466958,3179.256575930497,2
0.5,2,1.0,0.4,-123012.6318214859,2597.427272743732,2
0.5,5,1.0,0.3,-123018.42029741645,439.7635504919609,2
0.5,5,0.8,0.5,-123026.31393356127,868.4097425319155,2
0.5,5,1.0,0.2,-123028.95692489888,2486.9460015555237,2
0.6,1,1.0,0.5,-123033.10371716283,1809.2471930761446,2
0.2,2,0.9,0.4,-123033.89133030268,1917.5136060530117,2
0.5,4,0.7,0.4,-123035.08407228094,5697.028576016397,2
0.5,2,0.9,0.5,-123041.80642372265,2966.8347453949405,2
0.4,2,0.6,0.1,-123055.64389396884,1522.7263609875263,2
0.5,1,0.9,0.4,-123057.15378509379,924.9053757162171,2
0.2,3,0.9,0.4,-123057.8697205854,2959.273651622238,2
0.5,5,0.8,0.2,-123058.26282790769,61.43838224971673,2
0.3,3,0.6,0.4,-123059.00027768593,127.90001966502417,2
0.2,1,0.8,0.3,-123069.89178608803,801.3199357596433,2
0.6,3,0.8,0.5,-123069.99685580752,1097.1617216043724,2
0.5,4,1.0,0.2,-123086.80529766672,4487.107230013858,2
0.3,1,0.8,0.2,-123089.54964103454,3310.059853129787,2
0.5,1,0.7,0.2,-123110.48825679187,2225.8017692184935,2
0.4,5,0.8,0.3,-123114.51301168164,4211.82448835486,2
0.5,5,1.0,0.5,-123124.3575055129,388.7782179403037,2
0.3,1,0.8,0.4,-123140.7432474065,1897.604840012959,2
0.4,4,0.6,0.1,-123141.37229862524,1662.1416846476059,2
0.4,4,0.7,0.3,-123143.2371075886,1369.2211443993153,2
0.6,2,1.0,0.3,-123148.4094532546,511.7604605432463,2
0.5,1,0.6,0.3,-123148.63689175894,576.3407846226607,2
0.5,1,0.8,0.3,-123153.29707064247,776.275355184637,2
0.5,1,0.8,0.4,-123165.7869271713,1482.0756821095752,2
0.4,4,0.8,0.5,-123170.91888613309,2565.478910268955,2
0.6,2,0.8,0.3,-123174.9759055787,1302.968830063131,2
0.2,5,0.8,0.2,-123176.47036399071,980.8803943389596,2
0.4,4,1.0,0.3,-123196.79204764869,584.2572349911253,2
0.5,4,0.9,0.2,-123198.95849789793,1519.7990010057702,2
0.3,4,0.6,0.4,-123208.3568067659,577.7224026313419,2
0.5,2,0.8,0.4,-123212.27977892166,130.14738869548512,2
0.4,4,0.9,0.5,-123221.54295474189,1919.4463386394227,2
0.3,3,0.8,0.3,-123232.81974167762,965.9538905213005,2
0.2,4,0.6,0.3,-123237.81568826234,1938.1268811902144,2
0.5,1,1.0,0.4,-123250.39257050728,292.028629231944,2
0.6,4,0.9,0.5,-123276.77602778723,1051.8755827229465,2
0.2,2,0.7,0.2,-123285.87285639357,1303.7653484601594,2
0.6,1,0.8,0.1,-123287.93776574093,2542.979198751011,2
0.6,4,0.9,0.2,-123291.57442260942,3445.034016033072,2
0.6,5,0.7,0.3,-123294.35144277322,1584.3432077468249,2
0.2,2,0.6,0.4,-123304.50857327062,2534.6516951049707,2
0.2,4,0.7,0.5,-123304.74297559864,56.24106658435584,2
0.4,5,0.9,0.5,-123322.95694506977,880.9169295891893,2
0.4,2,0.6,0.4,-123333.20781165508,1683.258813711918,2
0.6,5,0.7,0.1,-123344.06152755761,1495.9685070902299,2
0.2,1,0.7,0.4,-123344.78289426657,3093.9301740959204,2
0.3,3,0.7,0.5,-123347.19107290072,1657.25576286934,2
0.4,5,0.8,0.4,-123388.94418134558,1327.8293512071282,2
0.5,2,0.6,0.1,-123391.00505460853,1189.1158977596826,2
0.3,1,0.8,0.5,-123391.58415697541,1084.948639428273,2
0.3,5,0.6,0.2,-123391.67741117594,1925.7741898758736,2
0.4,2,0.7,0.2,-123392.48651823416,831.619575031262,2
0.2,5,1.0,0.4,-123398.59664991789,3431.4621886449763,2
0.6,2,0.7,0.1,-123407.79227273681,3547.418958257758,2
0.6,4,0.7,0.2,-123412.76866341596,2192.735570695499,2
0.3,1,0.8,0.1,-123414.56062446751,946.9273980261706,2
0.2,2,0.8,0.5,-123420.75365541139,2567.722508958098,2
0.6,3,0.6,0.2,-123452.84175147837,2641.431921698692,2
0.2,5,0.8,0.4,-123453.26502674936,1312.2983292199178,2
0.5,5,1.0,0.4,-123456.3355116715,201.69359400437907,2
0.5,4,1.0,0.3,-123458.57414760345,1822.976258579432,2
0.5,4,0.8,0.5,-123464.7247097194,10.415311004373214,2
0.3,3,0.6,0.1,-123465.635739148,2856.5405432819866,2
0.6,4,0.6,0.3,-123465.66213960144,1755.8147472787673,2
0.3,1,0.8,0.3,-123471.8997973578,1777.0546025388007,2
0.6,3,1.0,0.4,-123473.0690090211,1004.0640297170836,2
0.3,1,0.9,0.4,-123488.95096105478,3153.323002846463,2
0.3,5,0.8,0.1,-123491.6230648357,855.8156850700367,2
0.4,3,0.7,0.5,-123492.86436134696,1967.632357220101,2
0.2,5,0.8,0.1,-123497.30382712663,431.66326294376256,2
0.3,5,0.7,0.4,-123507.78169960153,1876.9644384028184,2
0.6,4,0.7,0.3,-123518.64569896462,1483.883328407696,2
0.6,5,0.7,0.5,-123530.3472292223,1674.5270542114445,2
0.4,5,0.6,0.2,-123532.70342733053,1572.451314374533,2
0.3,4,0.7,0.5,-123534.65938662254,2177.6965322698074,2
0.6,2,0.7,0.2,-123546.50026898865,712.1977918029631,2
0.5,2,0.8,0.5,-123551.49314290122,3043.0537618440694,2
0.5,3,1.0,0.2,-123562.88550095435,380.65202379333385,2
0.4,5,0.7,0.1,-123573.3821151163,3689.820023048563,2
0.3,4,0.7,0.3,-123590.0460318521,2527.3831681463234,2
0.6,5,1.0,0.1,-123599.44391439353,1248.396346445333,2
0.6,3,0.9,0.4,-123603.33678776043,3009.7594650410947,2
0.6,1,0.8,0.3,-123615.52385314007,2976.0305790327225,2
0.2,3,0.8,0.4,-123629.60177477085,1394.327835712414,2
0.4,3,0.7,0.3,-123630.81887255558,3084.4916091617165,2
0.6,3,0.8,0.2,-123631.26231745392,690.6818914211761,2
0.6,5,1.0,0.3,-123637.52356343756,656.4930628002154,2
0.3,5,0.8,0.5,-123668.43055155565,5575.019634604921,2
0.5,5,0.9,0.2,-123675.61733084715,2111.878087712475,2
0.6,2,0.9,0.2,-123688.80076515053,2278.4954983850457,2
0.5,3,0.8,0.2,-123701.13485415175,2310.57002023047,2
0.3,3,0.9,0.4,-123704.18642929828,791.4468490060193,2
0.6,2,0.8,0.1,-123705.37887484938,2563.1158990275353,2
0.3,2,1.0,0.5,-123710.24131058414,1334.881603434654,2
0.6,4,0.8,0.2,-123726.81933752082,434.185092179549,2
0.5,2,0.8,0.3,-123731.69775925527,1301.2504305420891,2
0.4,1,0.8,0.3,-123732.22637618601,329.02731001116143,2
0.4,5,0.6,0.1,-123732.31932189486,2514.568052851769,2
0.2,5,0.7,0.3,-123738.48815624924,824.1691418571924,2
0.4,5,1.0,0.5,-123752.76104900465,891.379912916777,2
0.6,3,0.9,0.1,-123757.20819964257,1720.5452586556635,2
0.6,2,0.6,0.3,-123766.97199532294,3073.7278182970513,2
0.6,2,0.6,0.5,-123768.21590855415,2220.8587762713837,2
0.2,4,0.8,0.5,-123778.49264323848,675.4861035210275,2
0.6,1,0.6,0.3,-123791.83809662526,2092.3349240147486,2
0.3,2,0.7,0.4,-123797.23348260637,1403.11836816638,2
0.5,4,1.0,0.4,-123802.5482897697,325.7898766749224,2
0.4,3,0.6,0.1,-123808.27985366313,102.07915643247584,2
0.5,5,0.9,0.3,-123836.9961532024,112.97179363042666,2
0.2,5,0.9,0.4,-123861.202100997,4314.916312342346,2
0.3,2,0.6,0.1,-123862.69433836418,1149.6375788075438,2
0.4,5,0.7,0.4,-123868.63770440253,911.7865954489605,2
0.5,5,0.7,0.2,-123873.4260097958,1211.7273252488214,2
0.5,5,0.9,0.4,-123875.13875236685,391.0879800041422,2
0.6,5,0.6,0.2,-123895.2456888904,3576.6255726321824,2
0.3,3,0.6,0.3,-123903.90783198299,1557.8641633767836,2
0.3,3,1.0,0.4,-123908.41786815398,2304.3888435819385,2
0.4,5,0.6,0.5,-123933.03564933564,1651.8368400266972,2
0.6,4,0.9,0.3,-123940.09480914938,223.45881165284692,2
0.6,3,0.7,0.5,-123962.05143149229,1444.1682332231344,2
0.3,2,0.6,0.3,-123970.02616050614,1825.6101240760122,2
0.6,2,0.9,0.5,-123975.76610951977,1874.024849071068,2
0.6,4,0.7,0.1,-123987.40001442094,2169.594042814991,2
0.6,4,0.6,0.2,-124008.08222049315,2334.9755901108783,2
0.3,1,0.6,0.3,-124048.08171901612,132.8092126548854,2
0.5,2,0.9,0.2,-124050.71812294732,2054.1276612224,2
0.3,5,0.6,0.1,-124055.15900441032,2367.446805220366,2
0.4,2,1.0,0.5,-124061.52712727149,1165.1381357948562,2
0.5,3,0.6,0.3,-124070.55850826534,1991.9305052102873,2
0.5,2,0.7,0.2,-124073.27540649739,345.4082770488742,2
0.5,1,0.6,0.5,-124076.43872326138,435.5254782612327,2
0.2,2,0.7,0.5,-124088.48166964672,934.0865506036445,2
0.4,2,0.6,0.2,-124098.42976830255,1411.7420430095003,2
0.5,3,0.6,0.1,-124102.71561991896,2036.4783165975853,2
0.6,5,0.9,0.3,-124115.42559861852,2351.3279503299655,2
0.2,1,0.8,0.4,-124119.55074766514,3693.456282380517,2
0.5,3,0.9,0.4,-124123.50096541672,261.52046665920795,2
0.3,3,0.7,0.2,-124127.67589165665,2014.8910191915945,2
0.4,1,1.0,0.3,-124130.72347394754,1707.8245825313177,2
0.3,1,0.6,0.5,-124135.8234748136,1514.87925077965,2
0.2,2,0.8,0.3,-124142.92908426942,1007.7699975552447,2
0.3,5,0.6,0.4,-124147.14090756774,1353.9981707083573,2
0.4,2,0.7,0.3,-124148.7146760187,4183.713921063464,2
0.6,1,0.6,0.5,-124157.96091234818,770.7791665776832,2
0.4,1,0.8,0.5,-124174.02871976189,1319.9598195720541,2
0.4,4,0.7,0.2,-124196.18747616686,2858.0428349097697,2
0.5,4,0.9,0.3,-124200.55578384496,3054.5291170525925,2
0.4,3,1.0,0.5,-124207.76662435486,1317.2779174800883,2
0.4,4,0.7,0.4,-124220.21712266628,1308.5547041968855,2
0.5,4,1.0,0.5,-124222.22188434761,992.5951672630326,2
0.5,1,1.0,0.2,-124223.28567042339,223.65279317695524,2
0.5,4,0.6,0.2,-124224.19285577993,1960.6909751960568,2
0.4,5,0.6,0.3,-124224.51606310726,3180.1286348872,2
0.6,2,0.7,0.4,-124235.32180599406,466.945306833856,2
0.4,1,0.6,0.3,-124236.36656748381,1355.5930461591847,2
0.3,1,0.7,0.4,-124253.29077049723,4161.1896991686335,2
0.2,1,0.6,0.1,-124273.17284712076,646.1652457102589,2
0.4,3,0.7,0.2,-124294.10950537157,1278.4663154455702,2
0.4,4,0.7,0.1,-124309.20668879575,2299.996492431417,2
0.6,1,0.6,0.2,-124309.76324892702,4798.824398053239,2
0.5,4,0.8,0.3,-124312.94605498975,587.8963343647022,2
0.6,3,0.9,0.5,-124315.31375916232,3153.6446844247052,2
0.2,5,0.6,0.1,-124318.07228670546,268.82418389975294,2
0.3,1,0.9,0.5,-124336.54470396554,835.5602031343805,2
0.4,1,0.7,0.3,-124346.84494737643,2791.2419261478735,2
0.6,5,0.9,0.5,-124348.9405005149,425.3818976855671,2
0.2,5,0.9,0.5,-124350.51715364572,3366.7420500282096,2
0.2,1,1.0,0.5,-124356.20420452475,2381.9301284118164,2
0.6,2,0.6,0.1,-124363.10244581269,129.65184158651013,2
0.2,4,1.0,0.5,-124368.95643882133,684.8011447069941,2
0.4,2,0.7,0.5,-124398.39251338414,1539.7258107650136,2
0.5,1,0.6,0.2,-124400.38807208207,2722.981579863513,2
0.2,2,0.9,0.5,-124409.66011157469,501.1991387696988,2
0.2,4,0.8,0.4,-124409.8306314265,2627.6034999706776,2
0.6,3,0.7,0.3,-124425.95592123759,795.5840917413851,2
0.5,2,0.9,0.4,-124433.30249430964,1255.5684592164855,2
0.3,2,0.7,0.3,-124448.7712467644,2126.1815805678584,2
0.4,4,0.6,0.2,-124466.08072263318,230.40887986403635,2
0.5,1,0.8,0.5,-124469.86413801622,863.7676494084789,2
0.5,4,0.9,0.5,-124472.1687604778,1769.3007499678602,2
0.5,4,0.6,0.1,-124487.86359415471,284.97907623879127,2
0.3,3,0.9,0.3,-124489.86429266259,535.6794724357969,2
0.4,3,0.9,0.5,-124498.0612314723,1355.5501326300912,2
0.3,3,0.7,0.3,-124518.3905566062,3058.1569267311233,2
0.4,1,0.7,0.4,-124521.80557006129,1584.802757747736,2
0.6,2,0.8,0.2,-124525.7036143379,1566.664113939238,2
0.2,2,0.7,0.3,-124529.32257539005,974.2776354955346,2
0.3,3,0.7,0.4,-124542.61459618057,280.0974465310907,2
0.4,2,0.6,0.5,-124557.86212972441,2990.3262241649677,2
0.6,3,0.9,0.3,-124594.87559536698,477.46750565673204,2
0.5,4,0.9,0.4,-124604.46802815096,1158.606685949647,2
0.2,2,0.6,0.2,-124618.51328283061,1902.2881822954296,2
0.5,3,0.9,0.2,-124620.46010051269,1115.5379645257194,2
0.5,1,0.7,0.4,-124623.20077599454,571.04811658104,2
0.5,3,0.9,0.5,-124624.40709511933,53.27338908462406,2
0.5,1,0.9,0.5,-124628.22001648284,3141.1785636331074,2
0.4,2,0.9,0.5,-124629.74658214286,2358.399765194299,2
0.3,1,0.9,0.1,-124631.77316432839,1170.868050468802,2
0.6,3,0.8,0.3,-124655.3191907386,2716.7922604783143,2
0.3,5,0.7,0.3,-124669.42345769255,3511.5001022576052,2
0.6,1,0.9,0.5,-124711.65209923123,1384.0490716587205,2
0.4,3,0.8,0.4,-124718.57878169662,1631.151203352603,2
0.3,4,0.9,0.5,-124735.17244150388,1195.7744003028488,2
0.5,4,0.6,0.3,-124748.27537060567,2355.5600281930037,2
0.3,4,0.6,0.5,-124749.52681383124,346.4212482548982,2
0.3,3,0.8,0.5,-124759.842675086,358.97770327648965,2
0.6,1,0.7,0.5,-124773.20453970731,2738.591329509375,2
0.4,4,0.6,0.4,-124793.11179951645,845.8735198878979,2
0.5,5,0.6,0.4,-124801.3635069945,1430.4848580892956,2
0.6,1,0.7,0.4,-124808.75341475458,3256.932829858813,2
0.2,3,0.8,0.5,-124819.71354576506,2226.241207783024,2
0.6,2,0.6,0.2,-124830.29338128648,431.2335581789551,2
0.2,3,0.9,0.5,-124845.88471346497,1207.7452450768976,2
0.3,2,0.7,0.5,-124849.54189720968,681.8976195056717,2
0.6,3,0.7,0.1,-124873.97767072567,429.28973389619455,2
0.4,5,0.7,0.3,-124877.54175864774,69.45466973302719,2
0.2,2,1.0,0.5,-124877.83093828276,1437.1333553007876,2
0.6,3,1.0,0.5,-124889.55514579642,2310.408099518868,2
0.4,1,0.6,0.4,-124900.11654700103,761.5184967583881,2
0.4,1,0.6,0.1,-124900.68649387459,2482.121863703408,2
0.3,1,0.6,0.4,-124907.88987964686,4352.30224202726,2
0.6,5,0.6,0.1,-124913.4875387269,1206.253585131597,2
0.5,2,0.6,0.4,-124962.11796331542,1689.2524657118993,2
0.2,2,0.6,0.1,-125017.15698841427,4282.369434223917,2
0.6,4,0.7,0.4,-125040.13459217359,434.839453255963,2
0.3,4,0.8,0.5,-125040.55578449878,1061.8445753453718,2
0.6,3,0.8,0.4,-125063.31635142976,3155.6253031274864,2
0.5,2,0.7,0.5,-125066.05795729446,2235.998419935308,2
0.5,4,0.7,0.3,-125071.88272163208,1355.2378545186964,2
0.2,2,0.7,0.4,-125074.31972330343,2246.636434267687,2
0.5,3,0.6,0.2,-125086.55008767586,212.66969974921074,2
0.2,5,0.6,0.2,-125103.87882009367,63.186294759319544,2
0.3,2,0.8,0.4,-125112.11155305002,1295.8033710196503,2
0.3,2,0.7,0.2,-125123.17007923436,114.74234906843056,2
0.2,1,0.7,0.2,-125133.81977680101,2627.407929593537,2
0.2,3,0.6,0.3,-125136.48054941173,454.02498868292776,2
0.4,2,0.8,0.5,-125141.30908489904,898.0667746204302,2
0.4,5,0.8,0.5,-125152.6472789231,2463.308148353258,2
0.5,2,0.6,0.2,-125158.72887701777,935.2379336447958,2
0.4,4,0.7,0.5,-125174.74764679372,1319.387714966391,2
0.2,3,0.7,0.3,-125189.7507172481,1660.1024772907338,2
0.6,1,1.0,0.4,-125208.15303256296,1764.5202190138175,2
0.2,5,1.0,0.5,-125217.95156292606,571.8312629008021,2
0.3,4,1.0,0.5,-125234.96941959811,5075.032261774478,2
0.4,4,0.9,0.4,-125244.34672410687,3481.051384130348,2
0.5,5,0.7,0.4,-125258.28640092578,2574.3728005860708,2
0.2,1,0.8,0.5,-125267.78471325975,172.98252632299713,2
0.5,3,0.7,0.2,-125292.89485450447,510.18264141639827,2
0.6,4,0.8,0.4,-125314.3973185952,1536.1159675758954,2
0.6,2,0.7,0.5,-125339.37713998117,765.8145688502616,2
0.2,2,0.6,0.5,-125347.47346471713,152.42466522111332,2
0.6,3,0.8,0.1,-125351.86868515136,2522.516159187317,2
0.5,5,0.8,0.3,-125361.64476308232,35.42651656211811,2
0.6,4,0.6,0.1,-125375.10271367255,3680.2617148673976,2
0.6,2,0.8,0.4,-125383.79825662154,1176.2834614038127,2
0.6,5,0.6,0.4,-125403.98622601747,3590.229857488474,2
0.4,2,0.8,0.4,-125405.61708881674,622.9344509744835,2
0.6,5,0.8,0.4,-125406.01585328362,3295.142267331692,2
0.4,3,0.8,0.5,-125438.24687778557,1005.5705084157171,2
0.5,5,0.6,0.1,-125453.52641007087,977.4316575448489,2
0.5,5,0.6,0.5,-125468.73825072241,179.51234817485914,2
0.6,5,1.0,0.5,-125478.23288056711,383.2592480281092,2
0.6,2,0.7,0.3,-125502.90296607584,1266.845224906742,2
0.2,4,0.6,0.5,-125510.88522417768,302.7508867174879,2
0.5,3,1.0,0.4,-125511.58998136222,1984.7443891157948,2
0.2,2,0.8,0.4,-125519.68160298312,3822.741533710629,2
0.4,3,0.6,0.4,-125524.41048159642,931.4200507372874,2
0.3,3,0.6,0.5,-125527.2129371717,1035.5173848721545,2
0.3,5,0.6,0.5,-125542.4925493041,93.50609883139799,2
0.6,4,1.0,0.5,-125597.9306347269,1088.7481846771843,2
0.5,5,0.7,0.3,-125602.49375003268,106.99398672676791,2
0.4,3,0.7,0.4,-125616.66951059656,2796.667586009261,2
0.5,3,0.6,0.5,-125621.1713177154,887.6654670600443,2
0.3,5,0.6,0.3,-125624.2277858172,3391.3675676942307,2
0.6,5,0.6,0.3,-125640.25066495212,1024.9064405441425,2
0.4,5,0.6,0.4,-125657.68613656574,1668.5436967626526,2
0.6,2,1.0,0.5,-125663.30285656355,2753.9729635529025,2
0.5,3,0.7,0.4,-125687.25802910476,873.3550428541442,2
0.5,3,1.0,0.5,-125719.01959484202,1470.598705544141,2
0.5,2,0.7,0.4,-125723.49288180671,1386.727936845883,2
0.3,2,0.6,0.4,-125727.99170265495,948.6821360822502,2
0.6,4,0.8,0.3,-125781.06666015204,105.79948060655454,2
0.4,4,1.0,0.5,-125789.06589005637,1919.3682077849871,2
0.3,4,0.7,0.4,-125793.41357714628,225.80315763810952,2
0.6,3,0.6,0.3,-125815.8438166606,44.43404895856079,2
0.6,5,0.8,0.3,-125858.39256794025,3297.938127751868,2
0.5,3,0.7,0.5,-125888.99169690764,1701.0749311089771,2
0.2,3,0.6,0.5,-125903.01699253023,398.05618797708024,2
0.4,4,0.6,0.5,-125933.2148272973,437.4218753392867,2
0.5,1,0.7,0.5,-126036.18287510629,3710.673342249886,2
0.6,5,0.8,0.5,-126060.63081027873,257.0901918337326,2
0.5,5,0.7,0.5,-126089.5717342742,2516.2708401459813,2
0.6,4,0.8,0.5,-126150.76381524338,1589.9387230897162,2
0.4,1,0.7,0.5,-126153.60341490118,464.1417719956358,2
0.2,4,0.6,0.1,-126165.03259194923,1658.7074912976148,2
0.6,1,0.8,0.5,-126195.17388902926,2950.29487593356,2
0.5,3,0.8,0.5,-126212.21886262065,1394.56136779779,2
0.5,3,0.6,0.4,-126263.49431168202,528.8325728221944,2
0.6,4,0.6,0.4,-126272.45131704955,565.1915025069675,2
0.2,5,0.6,0.5,-126286.15061862337,188.32704938845433,2
0.6,4,0.6,0.5,-126407.95525449485,944.6982154665591,2
0.6,5,0.7,0.4,-126414.91002894961,1475.5836836949338,2
0.4,2,0.7,0.4,-126443.05755139669,1132.6157863920087,2
0.3,2,0.8,0.5,-126452.43666255685,1677.6235861797659,2
0.3,2,0.9,0.5,-126453.99711790646,164.8518110117804,2
0.2,5,0.6,0.3,-126454.66297558029,859.3456265135474,2
0.6,2,0.6,0.4,-126467.06750478191,341.2521824059168,2
0.5,4,0.7,0.5,-126474.7607633011,2384.9511287993423,2
0.5,1,0.6,0.4,-126488.76435424174,174.4778340054986,2
0.5,3,0.8,0.3,-126507.87103875732,1195.2859360932366,2
0.3,4,0.8,0.4,-126521.9260980114,867.997477554722,2
0.3,4,0.6,0.3,-126523.51666607312,16.94755898699935,2
0.4,5,0.7,0.5,-126523.56398814169,1153.2693416728464,2
0.6,5,0.6,0.5,-126558.00074943091,1029.1762536573428,2
0.3,2,0.6,0.5,-126581.50608294686,1623.5717309202607,2
0.6,3,0.6,0.4,-126611.51528692448,306.2079587517836,2
0.5,4,0.6,0.4,-126615.57092018568,746.2262329698117,2
0.4,1,0.9,0.5,-126623.23495280024,1277.7192717202875,2
0.2,1,0.6,0.5,-126644.68106307276,106.42106811815188,2
0.5,4,0.8,0.4,-126786.17285248158,32.95922478564027,2
0.5,5,0.8,0.4,-126922.09766770847,2105.1811797410896,2
0.4,1,0.6,0.5,-126985.34252622454,583.9160054878522,2
0.5,4,0.6,0.5,-127027.89435101298,644.8252885311172,2
0.6,2,0.8,0.5,-127106.12816431056,1074.9880303211012,2
0.5,2,0.6,0.5,-127139.25230821232,3083.305246204387,2
0.3,1,0.7,0.5,-127393.65133199672,869.3915541804149,2
0.6,4,0.7,0.5,-127473.71672921273,1675.0118681519216,2
0.6,1,0.6,0.4,-127539.92885720305,507.1243822148353,2
0.2,4,0.6,0.4,-127555.40223499705,1167.0150142359512,2
0.4,3,0.6,0.5,-128113.86712934737,218.5568006410746,2
0.6,3,0.6,0.5,-128359.2575800147,1406.6215260743654,2
