crossover_proportion,crossover_edges,mutation_prob,elitism_proportion,repeat,seed,best_score,elapsed_sec,error
0.2,2,1.0,0.5,0,20605,-79845.77902591159,33.09495526878163,
0.2,3,0.8,0.5,0,17364,-79990.05264408533,32.956130385864526,
0.2,2,0.6,0.4,1,17547,-80456.69512463774,33.794343042653054,
0.2,2,0.7,0.5,0,13452,-81895.8317400596,33.77594521502033,
0.2,2,0.6,0.5,1,16409,-83679.29704762151,34.152424060273916,
0.2,3,0.7,0.5,0,13497,-83812.10057639645,33.6940277479589,
0.2,3,0.8,0.3,0,20075,-80278.79628481714,33.70655561797321,
0.2,3,0.7,0.4,0,14635,-84615.57747830359,34.09362031472847,
0.2,2,0.6,0.2,0,20257,-82911.45715343975,34.71548288082704,
0.2,4,0.6,0.4,1,20516,-82237.60069091554,33.793831150978804,
0.2,3,0.6,0.5,0,16709,-84248.9154147935,34.566406769212335,
0.2,4,0.7,0.4,0,17303,-82318.43321100515,33.944318268913776,
0.2,2,0.9,0.5,1,19894,-81969.85526438421,34.8537779469043,
0.2,3,0.8,0.4,1,15015,-84334.14427667811,34.574797180946916,
0.2,2,0.8,0.2,0,17424,-76205.67434444049,35.18631610786542,
0.2,2,0.6,0.1,1,16556,-77450.49828546932,35.33584823412821,
0.2,4,0.8,0.2,0,19307,-85121.24689642487,35.009844484273344,
0.2,2,0.6,0.4,0,17546,-79861.79661422165,36.299266094341874,
0.2,2,0.8,0.3,0,14157,-75862.82191313819,36.38752787001431,
0.2,3,0.8,0.5,1,17365,-80036.84537705807,35.825909243896604,
0.2,2,0.9,0.4,1,19160,-80271.7870102235,36.450200306717306,
0.2,2,0.9,0.3,0,13812,-76971.23265547259,36.860813077073544,
0.2,2,0.6,0.2,1,20258,-74671.14571407961,37.15436225384474,
0.2,2,0.7,0.1,0,15215,-75020.96562507658,37.171102659311146,
0.2,3,0.6,0.5,1,16710,-85869.34209765033,36.836181338876486,
0.2,2,0.6,0.3,1,13503,-82320.39163122179,37.398098699748516,
0.2,3,0.7,0.5,1,13498,-82792.92870638128,37.038540123961866,
0.2,2,0.7,0.2,1,15430,-76822.93631327864,37.755992599762976,
0.2,3,0.7,0.1,0,17645,-75046.86963291744,37.72054729005322,
0.2,2,0.8,0.5,1,15448,-78463.89096628648,38.07882063789293,
0.2,4,0.8,0.4,0,21170,-83277.07601201408,37.093323443084955,
0.2,4,0.6,0.2,0,20268,-81735.91459455583,37.4043096951209,
0.2,3,0.7,0.3,1,16209,-81074.18318826663,37.812944597098976,
0.2,1,1.0,0.5,1,14803,-79134.24660684301,38.41615459136665,
0.2,3,0.6,0.4,1,15976,-80698.12533400902,38.27028640266508,
0.2,3,1.0,0.5,1,20907,-78596.77867799671,37.84585830196738,
0.2,3,0.8,0.1,0,14431,-77674.09963449714,38.12313371710479,
0.2,3,0.9,0.3,1,14522,-79761.18123993944,38.045714194886386,
0.2,3,0.9,0.4,1,19461,-77261.30907742014,38.05039505939931,
0.2,3,0.9,0.5,1,21811,-79980.89485012388,38.05430873995647,
0.2,2,0.8,0.5,0,15447,-79983.39747345648,38.761543141677976,
0.2,3,0.7,0.4,1,14636,-79081.89323256483,38.55619038781151,
0.2,3,0.9,0.4,0,19460,-77237.2308187952,38.44524724781513,
0.2,2,0.8,0.4,0,14713,-78797.34951388597,39.132891175337136,
0.2,3,0.9,0.5,0,21810,-81145.70656789556,38.50548187177628,
0.2,4,0.7,0.1,1,13802,-77458.77623512746,38.30415713181719,
0.2,3,1.0,0.5,0,20906,-82933.7714447938,38.53410414792597,
0.2,2,1.0,0.5,1,20606,-77099.35294872157,39.23547725379467,
0.2,2,0.9,0.1,0,21656,-81062.11190098293,39.42154285684228,
0.2,3,0.6,0.3,0,19420,-79647.64492357445,39.23286911891773,
0.2,2,0.8,0.2,1,17425,-78134.05836338967,39.47213726490736,
0.2,2,1.0,0.4,1,21744,-74830.59470461156,39.364177357405424,
0.2,2,0.6,0.5,0,16408,-79131.78825549585,39.66890732804313,
0.2,4,0.8,0.3,1,20042,-80696.57330381134,38.665384363848716,
0.2,3,0.8,0.4,0,15014,-81027.68409829093,39.186327770818025,
0.2,2,0.6,0.1,0,16555,-77844.99627603564,40.03001465834677,
0.2,3,0.7,0.1,1,17646,-76108.57266790571,39.66582346800715,
0.2,4,0.9,0.1,1,18627,-74883.73694989641,39.023280325811356,
0.2,2,0.7,0.1,1,15216,-77196.56043192594,40.14313750434667,
0.2,3,1.0,0.3,0,13617,-77588.05099205782,39.430450360290706,
0.2,4,0.6,0.2,1,20269,-79353.34954921064,39.34495632397011,
0.2,3,0.9,0.1,1,14087,-75510.05744161893,39.65349235292524,
0.2,2,1.0,0.3,0,21187,-78426.94256900327,40.21606273204088,
0.2,2,1.0,0.3,1,21188,-78836.52208141334,40.24067297205329,
0.2,4,0.8,0.2,1,19308,-76844.5410341828,39.451767265331,
0.2,4,0.7,0.3,1,18047,-76267.20425126205,39.56723512802273,
0.2,2,0.9,0.3,1,13813,-77481.77614145966,40.4836053410545,
0.2,4,0.9,0.2,1,13754,-81323.59785721559,39.62545628286898,
0.2,3,1.0,0.1,0,19845,-76856.79548695002,40.054229978937656,
0.2,4,0.9,0.5,0,14478,-80468.66883552884,39.720077998936176,
0.2,3,1.0,0.2,1,12884,-75417.93098557917,40.19004478305578,
0.2,4,0.8,0.1,1,18972,-78825.95561963534,40.14504086179659,
0.2,2,0.9,0.1,1,21657,-75397.6722446053,41.16174688190222,
0.2,2,1.0,0.2,1,14455,-78315.87547339243,41.11032175179571,
0.2,3,1.0,0.4,0,20172,-80524.49492028028,40.52632736880332,
0.2,3,0.9,0.1,0,14086,-75907.37959607044,40.78662882419303,
0.2,1,0.8,0.1,1,21408,-78211.22300967164,41.69315265491605,
0.2,2,1.0,0.2,0,14454,-77447.10165153982,41.53627490019426,
0.2,4,0.7,0.2,0,17312,-79715.03491246281,41.033222012687474,
0.2,4,0.8,0.4,1,21171,-77453.72113940466,41.061138920951635,
0.2,2,0.8,0.3,1,14158,-76534.43271111856,42.225784552283585,
0.2,4,0.9,0.1,0,18626,-78737.439734852,41.19316830905154,
0.2,4,0.6,0.5,0,19377,-80651.96477127312,41.442057977896184,
0.2,3,1.0,0.1,1,19846,-77408.37557186752,42.16990990424529,
0.2,4,0.8,0.3,0,20041,-76006.1076638138,41.91937083797529,
0.2,2,0.9,0.2,1,18696,-79066.05130619791,42.97228181315586,
0.2,4,0.9,0.3,1,14488,-78308.74413371415,42.045827311929315,
0.2,3,0.9,0.2,0,18996,-77270.530527939,42.59606134984642,
0.2,4,0.9,0.4,0,15616,-81786.74263681055,42.13831011066213,
0.2,4,0.9,0.4,1,15617,-81894.30479218731,42.38341514626518,
0.2,4,0.9,0.3,0,14487,-75373.64493495222,42.69266841886565,
0.2,4,1.0,0.1,0,12513,-75241.44779706879,43.16953003779054,
0.2,2,1.0,0.1,1,13928,-72108.7794659552,44.18064119666815,
0.2,2,0.9,0.5,0,19893,-80854.40216378172,44.40623716125265,
0.2,2,0.7,0.5,1,13453,-80500.5799063625,47.14631658606231,
0.2,1,1.0,0.5,0,14802,-81197.40837731483,49.4491267981939,
0.2,2,0.6,0.3,0,13502,-75348.49303236775,50.18139818217605,
0.2,2,0.8,0.4,1,14714,-77813.64046772805,51.047944156918675,
0.2,4,0.6,0.3,1,21003,-79745.58272342314,51.302176971919835,
0.2,4,0.6,0.5,1,19378,-80797.9870741393,51.43448926182464,
0.2,2,0.7,0.4,1,12719,-79889.69035014343,54.18315379181877,
0.2,2,0.7,0.2,0,15429,-77541.32581515294,55.98986622132361,
0.2,3,0.7,0.3,0,16208,-81070.15937236608,56.09317369898781,
0.2,2,0.7,0.3,1,18988,-80736.47781663724,56.744621007703245,
0.2,4,0.7,0.4,1,17304,-80394.92528909116,56.47095317393541,
0.2,2,0.7,0.4,0,12718,-82664.42931625673,58.518611585721374,
0.2,3,0.6,0.1,0,15648,-77497.74170394015,58.51368157379329,
0.2,4,0.6,0.1,1,18317,-82499.54662636346,59.48770366888493,
0.2,2,0.7,0.3,0,18987,-79253.97473141759,60.33260607533157,
0.2,3,0.9,0.3,0,14521,-79269.23237597868,61.15081039490178,
0.2,3,0.6,0.2,1,18687,-81211.40503008677,61.7619336838834,
0.2,3,1.0,0.2,0,12883,-78256.71040760665,61.66862122435123,
0.2,4,0.8,0.1,0,18971,-77372.89027248738,61.55938413506374,
0.2,4,0.6,0.4,0,20515,-81168.28484348259,61.749715781304985,
0.2,2,1.0,0.4,0,21743,-76132.0719751128,62.817940776236355,
0.2,4,0.8,0.5,1,20033,-82099.01909304627,62.29991352977231,
0.2,3,0.8,0.2,0,19341,-80531.89586212914,63.16385571565479,
0.2,4,0.7,0.1,0,13801,-76763.86857484581,63.404643817804754,
0.2,4,0.7,0.5,0,18037,-83981.42588122048,63.43076168606058,
0.2,4,0.7,0.5,1,18038,-78331.94065111254,63.71650602295995,
0.2,3,0.6,0.2,0,18686,-81348.99480766468,64.59562744712457,
0.2,3,0.8,0.3,1,20076,-76134.11277547023,65.26209838408977,
0.2,3,0.8,0.2,1,19342,-76667.7612913136,65.33934741420671,
0.2,3,0.8,0.1,1,14432,-75406.44360295193,65.86001748312265,
0.2,3,1.0,0.3,1,13618,-78383.42875703628,65.86734404787421,
0.2,3,0.9,0.2,1,18997,-75362.74345128048,66.28521153703332,
0.2,4,0.6,0.3,0,21002,-78985.82514458956,66.53612270066515,
0.2,3,0.6,0.1,1,15649,-76593.26436613013,67.16052997438237,
0.2,2,0.8,0.1,0,17210,-77280.53662241652,67.48969041882083,
0.2,3,0.6,0.3,1,19421,-80698.35009688116,68.1347856069915,
0.2,5,0.6,0.5,0,19956,-82553.96988845967,32.603296641260386,
0.2,5,0.6,0.4,0,19222,-82827.87540980894,33.846076145302504,
0.2,4,0.9,0.5,1,14479,-82823.03765088605,68.9337108368054,
0.2,5,0.6,0.1,1,14322,-75353.07875145116,36.173794329632074,
0.2,5,0.6,0.1,0,14321,-77953.28174849378,36.675084623042494,
0.2,5,0.6,0.4,1,19223,-77442.11426392997,35.39363317610696,
0.2,3,0.7,0.2,1,17347,-78772.60117257018,71.20208521699533,
0.2,4,1.0,0.2,0,12849,-76067.18451974596,38.10058073187247,
0.2,5,0.6,0.2,0,19231,-77571.53303107938,36.90553201874718,
0.2,5,0.7,0.4,0,16266,-82992.98926744482,34.56651334790513,
0.2,4,1.0,0.4,1,14713,-83097.06064789197,37.707733124960214,
0.2,5,0.6,0.3,0,18093,-82970.28819112827,36.98159294901416,
0.2,4,1.0,0.5,0,13574,-81009.02819420672,37.81346480874345,
0.2,4,1.0,0.5,1,13575,-79458.60647535595,37.77387922629714,
0.2,5,0.8,0.5,1,17124,-84437.28812718892,33.90488677518442,
0.2,4,1.0,0.2,1,12850,-78650.69951471678,38.974821851588786,
0.2,4,0.9,0.2,0,13753,-80195.2124016853,71.67554993834347,
0.2,5,0.6,0.5,1,19957,-83420.93757858126,36.38955372385681,
0.2,5,0.7,0.1,1,12982,-76703.35398876101,36.273508618120104,
0.2,3,0.6,0.4,0,15975,-79218.32398602474,72.62844495801255,
0.2,5,0.7,0.1,0,12981,-78402.93243119925,36.93208458600566,
0.2,4,1.0,0.3,0,15199,-78428.37562241987,39.80012345686555,
0.2,5,0.8,0.4,0,18261,-78089.68769064987,35.175653846003115,
0.2,3,1.0,0.4,1,20173,-74324.7957310023,73.18321518693119,
0.2,4,1.0,0.4,0,14712,-77964.65095660916,39.8514303220436,
0.2,5,0.9,0.1,1,14632,-75294.00651925261,35.266574094071984,
0.2,4,1.0,0.3,1,15200,-78227.10223932416,40.102344517130405,
0.2,5,0.7,0.2,0,14403,-80191.41090868294,37.37228588107973,
0.2,5,0.7,0.5,0,15128,-80756.65644855375,36.72245218092576,
0.2,5,0.7,0.3,1,15138,-82434.31112772692,37.29376411717385,
0.2,5,0.6,0.2,1,19232,-74740.32343583296,39.489397899247706,
0.2,5,0.8,0.2,1,18271,-77371.1899462977,36.46171067003161,
0.3,1,0.6,0.5,0,16135,-78917.23921307526,34.0208297483623,
0.2,5,0.9,0.5,1,21570,-80225.89619156322,35.454590450040996,
0.2,5,0.7,0.2,1,14404,-82025.31191664274,38.022096069995314,
0.3,1,0.7,0.3,1,19188,-80334.12464382108,34.13669336680323,
0.2,5,0.8,0.5,0,17123,-79193.28420762274,36.762409657239914,
0.2,5,1.0,0.4,1,21804,-76765.16307797965,35.485116162803024,
0.2,5,0.9,0.4,1,12708,-81226.84869982277,36.236343678086996,
0.2,5,1.0,0.5,0,14153,-83282.70456029556,35.47468564612791,
0.2,5,0.8,0.2,0,18270,-76638.11523890326,37.38319815369323,
0.3,1,0.6,0.3,0,22143,-80204.15585352213,35.211405638139695,
0.2,5,1.0,0.3,0,15465,-78297.97223541704,35.913104861043394,
0.2,5,0.8,0.3,1,17133,-79116.51979220277,37.10503349779174,
0.3,1,0.6,0.1,0,18371,-82674.06312793365,35.621604088228196,
0.2,5,0.9,0.3,1,21579,-76645.90576857001,36.68468676134944,
0.2,5,0.8,0.1,1,13361,-78358.94636645011,37.72662594076246,
0.2,5,0.7,0.4,1,16267,-79505.80243637535,38.440749967936426,
0.3,1,0.6,0.4,0,17273,-82133.60202033947,35.68288253201172,
0.2,5,1.0,0.5,1,14154,-79219.032456917,36.27577205514535,
0.2,5,0.7,0.5,1,15129,-85529.47737637929,38.32430393761024,
0.2,5,1.0,0.4,0,21803,-79142.05197197909,36.583589295856655,
0.3,1,0.7,0.1,1,15416,-82367.76263085319,35.67569683678448,
0.3,1,0.6,0.3,1,22144,-83736.56510414954,36.06447370396927,
0.2,5,0.6,0.3,1,18094,-81711.05344636137,41.498659659177065,
0.3,1,0.6,0.1,1,18372,-78705.99721728025,36.56727786781266,
0.2,5,1.0,0.1,0,18518,-78608.84323070502,37.30645611183718,
0.3,1,0.7,0.2,0,14070,-80200.96191271734,35.6306132460013,
0.2,5,0.7,0.3,0,15137,-78487.69324441315,39.84949827613309,
0.3,1,0.6,0.4,1,17274,-79537.52548696223,36.710656717885286,
0.2,5,0.9,0.2,0,12716,-78457.99297688284,38.26516298716888,
0.3,1,0.7,0.2,1,14071,-80267.01708102184,36.410762128885835,
0.2,5,0.8,0.1,0,13360,-77322.4519809245,39.63055869238451,
0.2,2,0.9,0.2,0,18695,-80731.16915970892,77.86303740600124,
0.2,5,0.8,0.4,1,18262,-82536.30881102571,39.355027445126325,
0.3,1,0.7,0.5,1,13180,-84404.24461314766,36.02820051414892,
0.2,5,0.9,0.3,0,21578,-80566.94302110984,39.01580806169659,
0.3,1,0.6,0.2,0,15410,-80400.57224360258,37.926012366078794,
0.3,1,0.8,0.2,0,19240,-79470.26525042592,36.015103636309505,
0.2,5,1.0,0.2,0,13428,-78363.6572248183,38.81295686913654,
0.3,1,0.8,0.5,0,18349,-81664.30941159406,35.19581362511963,
0.2,4,1.0,0.1,1,12514,-73356.82114740835,45.158669117838144,
0.3,1,0.7,0.3,0,19187,-82266.2893666223,37.21808508085087,
0.2,5,1.0,0.2,1,13429,-77066.75482134565,38.98987725563347,
0.2,5,0.9,0.1,0,14631,-78744.36895147883,39.93708450905979,
0.3,1,0.7,0.1,0,15415,-80764.7404434453,37.93700931221247,
0.3,1,0.8,0.2,1,19241,-81476.70346630618,36.48158134985715,
0.2,5,0.9,0.2,1,12717,-73620.98068776839,39.78938641119748,
0.3,1,0.6,0.2,1,15411,-78726.27487400523,38.67037835577503,
0.3,1,0.6,0.5,1,16136,-81652.8827802669,38.35147079685703,
0.3,1,0.8,0.1,1,17411,-74920.4328617609,37.10489483177662,
0.2,5,1.0,0.1,1,18519,-74017.21876122619,39.899007987231016,
0.3,1,0.7,0.4,0,12445,-79436.22371674172,38.15003359178081,
0.2,5,0.9,0.4,0,12707,-76530.29900688157,40.493220136035234,
0.3,1,0.8,0.3,1,21183,-79535.23997072378,36.86912533408031,
0.3,1,0.8,0.4,1,14441,-83008.99458056391,36.92343159113079,
0.2,5,0.9,0.5,0,21569,-80793.21764461536,40.798211379908025,
0.3,1,0.8,0.3,0,21182,-80843.82243746478,37.56094752904028,
0.3,1,0.9,0.1,1,18682,-81432.84750715038,38.38035802403465,
0.2,5,1.0,0.3,1,15466,-72154.38545656852,42.548751870170236,
0.3,1,0.7,0.4,1,12446,-77739.01280797522,40.972684162668884,
0.3,1,0.9,0.2,1,18896,-73836.39957715165,38.43119809264317,
0.3,1,0.8,0.5,1,18350,-78894.28545456422,39.87735889991745,
0.3,1,0.7,0.5,0,13179,-78504.80193310168,41.7644526110962,
0.3,1,0.9,0.1,0,18681,-77442.8905268262,40.784825765993446,
0.3,1,0.9,0.2,0,18895,-75354.90358537459,40.2318872208707,
0.3,1,0.9,0.4,0,20758,-82250.9783321323,36.35148194571957,
0.3,1,0.8,0.1,0,17410,-77526.00789969628,43.8605483090505,
0.3,1,0.8,0.4,0,14440,-76983.11250506977,43.64378384780139,
0.2,5,0.8,0.3,0,17132,-77302.54719615092,51.29353880416602,
0.3,1,0.9,0.4,1,20759,-77406.61356155337,39.925673617981374,
0.3,1,0.9,0.5,1,19621,-80340.79997172415,40.88183702621609,
0.3,1,0.9,0.3,0,15628,-80634.96490341703,48.871034221723676,
0.3,2,0.8,0.3,0,20160,-81742.10749846752,32.83191497577354,
0.3,2,0.8,0.3,1,20161,-79565.47445187521,32.61747593106702,
0.3,3,0.6,0.5,0,15414,-85246.54913817973,29.604419232346117,
0.3,2,0.8,0.2,0,13427,-79476.8217451687,36.04356627119705,
0.3,2,0.8,0.1,1,16389,-74950.94517509422,38.95845837704837,
0.3,3,0.7,0.2,0,13349,-79330.97924715457,32.8478428311646,
0.3,3,0.6,0.3,1,15424,-81037.37785893958,33.618909370619804,
0.3,2,1.0,0.2,0,18585,-77049.37630147648,35.44416324375197,
0.3,2,0.9,0.2,0,17873,-74642.42870570713,36.96533207176253,
0.3,2,0.9,0.1,0,16043,-77218.15123824342,37.25561968004331,
0.3,3,0.6,0.2,0,14689,-84648.96454822566,34.53679767623544,
0.3,3,0.7,0.1,1,16351,-78837.92933442608,33.94091604836285,
0.3,3,0.8,0.3,1,12591,-79786.76940832232,32.89139724383131,
0.3,2,0.9,0.3,1,19816,-82206.87933585832,37.049211231060326,
0.3,2,0.8,0.5,0,18535,-78580.04312073016,38.043043709825724,
0.3,2,0.8,0.4,0,15290,-77328.04617817103,38.258636072743684,
0.3,3,0.7,0.5,1,12459,-81083.6999806309,33.57519381213933,
0.3,2,0.9,0.5,0,21678,-78479.71068029573,37.20388580998406,
0.3,3,0.6,0.5,1,15415,-82854.90048984991,34.70019264193252,
0.3,1,1.0,0.1,1,12569,-75436.80761733917,56.49991279002279,
0.3,3,0.6,0.4,1,14681,-78705.42655558659,35.37221295200288,
0.3,2,0.9,0.3,0,19815,-78535.96918161177,38.46029030485079,
0.3,2,0.9,0.5,1,21679,-79817.74848246019,38.09320146171376,
0.3,3,0.8,0.4,0,13719,-82680.38365127226,34.28842439968139,
0.3,2,1.0,0.5,1,15566,-80934.38967023704,36.981486880686134,
0.3,2,1.0,0.1,1,19931,-80089.74732129829,38.23894724203274,
0.3,3,0.7,0.5,0,12458,-81351.79594963258,35.69706552615389,
0.3,2,0.9,0.2,1,17874,-78795.17360882332,39.38468331284821,
0.3,3,0.7,0.4,0,21724,-79493.27255035755,35.891240779776126,
0.3,2,0.8,0.5,1,18536,-82750.92165571448,39.96210591495037,
0.3,3,0.9,0.3,1,20525,-80136.91764708195,33.94458812009543,
0.3,3,0.6,0.4,0,14680,-77201.56095382359,36.54205775819719,
0.3,2,1.0,0.5,0,15565,-80621.05397654435,37.6429461222142,
0.3,3,0.7,0.3,0,22211,-83770.66709294621,36.29059781972319,
0.3,3,0.8,0.3,0,12590,-80819.22975912695,35.44454599125311,
0.3,3,0.8,0.5,1,14454,-81162.31666868409,35.14344825036824,
0.3,2,0.9,0.1,1,16044,-76023.89734897867,40.26300784898922,
0.3,3,0.7,0.3,1,22212,-80813.57794678345,36.642420952674,
0.3,4,0.6,0.3,0,15962,-79500.96184285777,32.69899937603623,
0.3,4,0.6,0.3,1,15963,-79048.61864071013,32.625854056328535,
0.3,3,0.6,0.1,0,14353,-82389.33202136977,38.07957828231156,
0.3,2,0.9,0.4,0,16561,-78850.74975010236,39.87860508495942,
0.3,2,1.0,0.3,1,13703,-77941.56318108246,38.60021627508104,
0.3,2,1.0,0.4,1,18833,-81322.66867751443,38.47033645724878,
0.3,2,1.0,0.4,0,18832,-79776.77785202049,38.67748460592702,
0.3,3,0.6,0.3,0,15423,-78885.50429949297,37.87452625622973,
0.3,4,0.6,0.5,1,18083,-81495.46178163373,30.730912080965936,
0.3,3,0.7,0.2,1,13350,-79323.45489941357,37.309356685727835,
0.3,3,0.8,0.1,1,13393,-74925.74737031016,36.58825039397925,
0.3,3,0.7,0.4,1,21725,-80069.49788798178,37.52485535899177,
0.3,3,1.0,0.1,1,18551,-79938.433342245,35.32244839100167,
0.3,3,0.6,0.2,1,14690,-79146.03566887577,39.011650242842734,
0.3,3,0.9,0.5,1,18900,-83740.86154773098,35.49262330168858,
0.3,3,0.8,0.2,0,15344,-81662.02232176682,37.57168921409175,
0.3,3,0.8,0.2,1,15345,-74050.73174829772,37.67162166303024,
0.3,3,0.9,0.4,0,18165,-77363.1094240963,36.33848033985123,
0.3,4,0.6,0.1,0,20318,-75236.22325569531,35.415061144158244,
0.3,3,1.0,0.4,1,18878,-79627.30564298958,35.719555786810815,
0.3,3,0.9,0.5,0,18899,-83781.09651028241,36.45128939859569,
0.3,2,0.6,0.3,1,19506,-77528.28038390203,51.90921745542437,
0.3,3,0.9,0.2,1,19791,-78205.30864679208,37.145371093880385,
0.3,3,0.7,0.1,0,16350,-77567.27302609746,39.32695523975417,
0.3,3,0.8,0.4,1,13720,-83445.8266537121,38.113368943333626,
0.3,1,1.0,0.5,1,13508,-77138.2125741424,54.66505381371826,
0.3,1,0.9,0.5,0,19620,-83447.92074515042,63.920641960110515,
0.3,4,0.6,0.2,1,19230,-79538.9863388585,35.49287559418008,
0.3,3,0.9,0.1,0,14663,-76488.39930881218,37.977726256940514,
0.3,4,0.6,0.5,0,18082,-83706.8068932632,34.914437192026526,
0.3,1,1.0,0.2,0,12782,-80092.45590320614,59.44810399785638,
0.3,3,1.0,0.5,0,19611,-82327.54724192254,36.56545692961663,
0.3,4,0.6,0.1,1,20319,-75420.88110093669,36.096027528867126,
0.3,1,1.0,0.2,1,12783,-75712.69357355275,59.017387714702636,
0.3,3,0.9,0.4,1,18166,-81698.94180053272,37.52167963795364,
0.3,3,0.8,0.1,0,13392,-78768.01712054432,39.33364967210218,
0.3,3,0.6,0.1,1,14354,-74054.70959820788,41.32165549881756,
0.3,3,1.0,0.4,0,18877,-79190.00303992695,37.038651095703244,
0.3,3,0.9,0.2,0,19790,-78464.62886344624,38.22053973795846,
0.3,2,0.7,0.3,1,18166,-79756.2749855616,49.49485632032156,
0.3,4,0.6,0.4,1,16519,-82965.50995974324,35.87550747487694,
0.3,3,1.0,0.3,0,19620,-81255.3579919781,37.9978969511576,
0.3,4,0.6,0.2,0,19229,-75167.01046728957,37.34894874691963,
0.3,3,1.0,0.2,0,18886,-79406.09170914211,38.40262296516448,
0.3,3,1.0,0.5,1,19612,-83980.74208134729,37.83769365679473,
0.3,2,1.0,0.2,1,18586,-77631.206201981,43.32704450096935,
0.3,3,0.9,0.1,1,14664,-78766.36924589821,39.92300930293277,
0.3,3,1.0,0.3,1,19621,-80650.96152406764,38.71694510616362,
0.3,4,0.7,0.3,0,21134,-83509.7104854415,34.196027459111065,
0.3,3,0.8,0.5,0,14453,-78580.71407532855,40.982953782659024,
0.3,4,0.7,0.3,1,21135,-83531.32794330748,34.07839239016175,
0.3,1,0.9,0.3,1,15629,-78326.43349764751,71.56752902921289,
0.3,2,0.7,0.5,0,16540,-84069.07795426852,52.141110866796225,
0.3,4,0.6,0.4,0,16518,-82412.14237565834,39.652796647977084,
0.3,3,1.0,0.2,1,18887,-79309.86809417665,41.515396162867546,
0.3,4,0.7,0.2,1,16018,-79927.73946884867,36.87249283771962,
0.3,4,0.7,0.2,0,16017,-77932.57485241108,37.27067769598216,
0.3,2,0.7,0.4,0,21423,-83676.51527207898,53.19571515964344,
0.3,4,0.7,0.5,1,15127,-84693.1597323509,33.42919730069116,
0.3,2,0.6,0.1,0,15733,-79935.50977770664,59.150637990795076,
0.3,4,0.7,0.1,0,14187,-79041.05360163462,39.24000620795414,
0.3,3,1.0,0.1,0,18550,-73243.00144585734,43.73669474897906,
0.3,4,0.7,0.1,1,14188,-77954.20759587928,39.68538719089702,
0.3,1,1.0,0.4,0,21470,-80601.61452781541,63.79763169772923,
0.3,1,1.0,0.3,0,16340,-78080.83282383486,65.66935444390401,
0.3,2,0.6,0.1,1,15734,-82858.3642713973,60.750496175605804,
0.3,2,0.6,0.2,0,14388,-81180.04868073674,60.528224639128894,
0.3,4,0.7,0.4,0,13306,-82267.5822645734,38.39605700131506,
0.3,1,1.0,0.5,0,13507,-80118.28808995339,62.662404594011605,
0.3,2,0.8,0.1,0,16388,-77284.51054024944,54.698469466064125,
0.3,4,0.7,0.5,0,15126,-80337.61267527056,37.57819311786443,
0.3,2,0.7,0.1,1,21219,-78465.89739535432,59.16739210812375,
0.3,1,1.0,0.3,1,16341,-77786.95806275978,67.09570987196639,
0.3,2,0.6,0.4,1,16252,-82427.8395778336,61.39571142802015,
0.3,2,0.6,0.5,0,21368,-87214.56148700151,60.817946454975754,
0.3,2,0.6,0.3,0,19505,-79320.47819066126,63.0121114612557,
0.3,2,0.7,0.2,0,21432,-80881.0519562643,62.02594583807513,
0.3,2,0.7,0.3,0,18165,-84090.04838684108,61.85213604429737,
0.3,1,1.0,0.4,1,21471,-78571.95508687216,69.96460184268653,
0.3,2,0.7,0.1,0,21218,-76746.74562787764,64.2522750981152,
0.3,1,1.0,0.1,0,12568,-75586.65262848018,76.92697831429541,
0.3,2,0.6,0.5,1,21369,-85512.33049583592,64.96489938814193,
0.3,2,0.7,0.4,1,21424,-81755.35829538727,62.02841192902997,
0.3,2,0.7,0.5,1,16541,-83149.6421044021,62.17062816116959,
0.3,4,0.8,0.1,0,19357,-74918.42673220724,40.05783222941682,
0.3,4,0.7,0.4,1,13307,-80770.10230766289,44.194149896968156,
0.3,2,0.7,0.2,1,21433,-78616.81258225747,64.09788150293753,
0.3,2,0.6,0.4,0,16251,-80953.31900286171,66.66656426200643,
0.3,2,0.6,0.2,1,14389,-78711.05601672409,67.74013085430488,
0.3,4,0.8,0.1,1,19358,-80227.56278682583,40.35225623799488,
0.3,2,0.8,0.4,1,15291,-83136.98426603248,61.36798394098878,
0.3,2,0.8,0.2,1,13428,-75395.22644625271,65.44728734204546,
0.3,4,0.8,0.2,1,18013,-81549.65622229027,43.330419392324984,
0.3,4,0.8,0.2,0,18012,-74961.3888143569,43.814705063123256,
0.3,2,1.0,0.3,0,13702,-80912.65982719116,63.25803735712543,
0.3,4,0.8,0.3,0,13129,-82222.10077807863,34.03233643202111,
0.3,2,0.9,0.4,1,16562,-79369.1273373909,66.99947823397815,
0.3,4,0.8,0.5,1,17122,-82286.22293217541,32.31340662110597,
0.3,5,0.7,0.3,0,18807,-81122.3270382349,30.156286179088056,
0.3,4,0.8,0.3,1,13130,-82365.5886776299,38.761121379677206,
0.3,5,0.6,0.2,0,16076,-81095.60267748141,31.608278810977936,
0.3,4,0.9,0.1,0,20628,-78923.14464166075,34.66061832383275,
0.3,4,0.8,0.4,0,13685,-79451.51777003285,38.638624986168,
0.3,4,0.9,0.5,0,21567,-80551.80087193323,34.11604095296934,
0.3,4,0.9,0.2,0,20842,-77164.80634569639,35.437539191916585,
0.3,5,0.7,0.3,1,18808,-78074.49700641302,32.11793075874448,
0.3,5,0.8,0.1,1,17031,-81464.40466840299,32.00166898686439,
0.3,5,0.6,0.5,1,15186,-86915.75504555956,32.96616037981585,
0.3,3,0.9,0.3,0,20524,-80134.40735586312,67.19285049429163,
0.3,5,0.6,0.3,0,16810,-86391.14451094043,33.233186142053455,
0.3,5,0.6,0.5,0,15185,-83582.07705439243,33.17948476597667,
0.3,4,0.8,0.5,0,17121,-78908.9957784379,37.50122242420912,
0.3,5,0.6,0.4,0,20068,-84483.50482094199,33.47296002227813,
0.3,4,0.9,0.4,0,18131,-82605.35689632756,35.94266370823607,
0.3,4,1.0,0.2,0,13426,-76050.28822936048,35.49741273699328,
0.3,4,0.9,0.4,1,18132,-83300.69651496678,36.06377687398344,
0.3,5,0.6,0.3,1,16811,-79988.09920856034,34.36054247431457,
0.3,4,0.9,0.3,0,14400,-79344.04331590011,37.25369537714869,
0.3,4,0.9,0.2,1,20843,-78945.55202786387,37.455337351188064,
0.3,5,0.7,0.4,1,13938,-79330.1985433067,34.569431263022125,
0.3,4,1.0,0.1,0,14515,-76492.78177412147,37.80359256314114,
0.3,4,0.9,0.1,1,20629,-78948.62856483118,38.65513273188844,
0.3,5,0.6,0.2,1,16077,-81966.14569373852,36.10132967401296,
0.3,5,0.6,0.1,0,19863,-78776.43616458999,36.51170191261917,
0.3,4,0.9,0.5,1,21568,-78358.16878654824,38.47492799675092,
0.3,5,0.8,0.2,0,15115,-80255.58174397021,35.19281329168007,
0.3,4,1.0,0.1,1,14516,-76014.23402163554,38.228271182160825,
0.3,5,0.7,0.2,0,19945,-81880.36970101032,35.841857730876654,
0.4,1,0.6,0.2,0,17578,-79653.8927985231,32.188166848383844,
0.3,4,1.0,0.5,1,22280,-78538.3850459616,36.81310586677864,
0.3,5,0.8,0.3,1,15850,-78277.63040363404,34.79094339488074,
0.3,4,1.0,0.4,1,20716,-79276.55887852974,37.52318057976663,
0.3,5,0.7,0.5,0,20670,-77244.45753623892,35.89825448393822,
0.3,5,0.6,0.1,1,19864,-80221.51812681413,37.217408581636846,
0.4,1,0.6,0.3,1,14312,-82614.93493649276,32.15611620619893,
0.3,5,0.6,0.4,1,20069,-82359.12339527311,37.05665271123871,
0.3,4,1.0,0.5,0,22279,-80306.64780052622,37.625960145145655,
0.3,5,0.8,0.1,0,17030,-80290.28786416302,36.40920966025442,
0.3,5,0.7,0.4,0,13937,-78842.7211378726,36.75705848168582,
0.3,4,0.9,0.3,1,14401,-78873.52720953293,40.04833369888365,
0.3,4,1.0,0.4,0,20715,-78388.79398122894,38.678449203725904,
0.4,1,0.6,0.2,1,17579,-82296.31981395485,33.0716026336886,
0.3,5,0.8,0.3,0,15849,-77276.20742974643,36.39962778380141,
0.3,5,0.9,0.3,1,17121,-82148.20112559329,35.28834371222183,
0.3,5,0.8,0.4,1,19108,-78902.43603041527,36.18453315133229,
0.3,5,0.8,0.5,0,15840,-80121.90283469253,36.167049726005644,
0.4,1,0.6,0.5,0,18303,-82717.87456608239,33.2647218843922,
0.3,2,1.0,0.1,0,19930,-74117.05848504083,78.02028946811333,
0.3,5,1.0,0.3,0,21007,-79904.31024554337,35.56023818627,
0.3,5,0.7,0.1,1,15036,-78818.95283985038,38.850319019984454,
0.4,1,0.6,0.4,1,19442,-82924.37290828528,34.39447564538568,
0.3,5,0.7,0.2,1,19946,-76666.25821314055,39.43662856519222,
0.3,5,0.7,0.1,0,15035,-78732.76219505921,39.90067421318963,
0.3,5,0.8,0.5,1,15841,-80429.85593569529,37.815489812754095,
0.4,1,0.6,0.1,0,18450,-81394.47053769976,36.50123654073104,
0.3,5,0.7,0.5,1,20671,-79435.85025806022,39.78582037007436,
0.4,1,0.6,0.5,1,18304,-79840.76422093695,35.257583363913,
0.3,5,1.0,0.1,1,12445,-78214.91553972074,37.54716172721237,
0.4,1,0.7,0.1,1,17111,-80369.65434565263,35.13640041369945,
0.3,5,0.8,0.2,1,15116,-77691.17501008228,39.7648640871048,
0.3,5,0.8,0.4,0,19107,-75595.17503707873,39.43535898113623,
0.3,5,1.0,0.5,0,19382,-78507.87207718745,37.466001857072115,
0.3,5,0.9,0.1,0,13348,-72054.25423759209,38.79323897790164,
0.3,5,0.9,0.2,0,16386,-80682.06224401713,38.81021413579583,
0.3,5,1.0,0.2,1,20274,-79672.7555246173,38.28940874990076,
0.3,4,1.0,0.3,0,20159,-76385.15998464837,43.09701615385711,
0.3,5,0.9,0.5,1,15496,-80670.47326154585,38.989515946712345,
0.3,5,0.9,0.1,1,13349,-78407.45384823566,39.711365373805165,
0.3,5,1.0,0.4,0,14265,-78244.10758133898,38.69424259476364,
0.3,5,0.9,0.3,0,17120,-80783.16248031527,39.66465544234961,
0.3,4,0.8,0.4,1,13686,-79778.38891808418,49.44427252700552,
0.3,5,1.0,0.4,1,14266,-78156.70485120852,39.004200807306916,
0.3,5,1.0,0.1,0,12444,-79730.71493982124,39.86504726810381,
0.3,5,1.0,0.5,1,19383,-80063.67262997423,39.33920579217374,
0.3,5,0.9,0.4,0,20378,-81206.0808148312,40.3832754897885,
0.4,1,0.6,0.3,0,14311,-82874.60823180694,38.7860934571363,
0.4,1,0.6,0.4,0,19441,-83057.74503493091,38.95554610574618,
0.4,1,0.7,0.1,0,17110,-75240.97827767844,38.996710737235844,
0.4,1,0.7,0.4,1,14614,-77020.61943323897,36.68451809696853,
0.4,1,0.8,0.2,1,18234,-79325.52264961024,35.35897239064798,
0.4,1,0.7,0.5,0,16963,-84959.07762940598,37.431811013258994,
0.4,1,0.8,0.1,0,19105,-77230.53193986014,37.53061499679461,
0.4,1,0.7,0.2,0,16238,-80234.22445691717,39.38031128793955,
0.4,1,0.7,0.4,0,14613,-79880.84320081043,38.628410319797695,
0.3,4,1.0,0.3,1,20160,-75757.32993971369,49.07442962191999,
0.4,1,0.8,0.3,0,13350,-77072.44514933504,37.93905462324619,
0.4,1,0.7,0.2,1,16239,-79806.92810810628,41.604887748137116,
0.4,1,0.9,0.2,0,12679,-78925.07652330442,37.26620479580015,
0.4,1,0.8,0.2,0,18233,-77566.38890744215,39.77386837499216,
0.4,1,0.7,0.3,1,21356,-80603.86999081812,42.78012824105099,
0.4,2,0.6,0.1,1,17429,-81205.75453208413,34.043628269806504,
0.3,5,0.9,0.5,0,15495,-80386.255634742,50.63231361936778,
0.4,1,1.0,0.4,0,13638,-77743.60942191539,36.273291065357625,
0.4,1,0.7,0.5,1,16964,-81827.26695089827,47.8592441896908,
0.4,1,1.0,0.4,1,13639,-81425.1861238392,39.48149109072983,
0.4,1,0.7,0.3,0,21355,-80270.03668439036,50.53393255406991,
0.4,1,0.8,0.5,1,17343,-81142.20787176212,49.197843701113015,
0.4,2,0.6,0.3,1,13290,-77930.13704741582,36.01683864509687,
0.3,5,0.9,0.2,1,16387,-78942.36132215551,58.067021428607404,
0.4,2,0.6,0.5,1,20362,-77810.14191034254,32.199559905100614,
0.3,5,1.0,0.3,1,21008,-74724.10611418102,57.58369234390557,
0.4,1,0.8,0.3,1,13351,-82193.05979210453,50.81762453680858,
0.3,5,0.9,0.4,1,20379,-79412.75322474328,58.192171182949096,
0.4,2,0.6,0.1,0,17428,-82461.13900421571,44.365812389180064,
0.4,2,0.6,0.4,1,18420,-76648.73097547256,38.29157733079046,
0.4,2,0.7,0.1,1,16089,-78702.46923483982,34.91218166006729,
0.4,2,0.7,0.2,0,20425,-76976.12032175616,35.01488500414416,
0.4,2,0.7,0.3,0,17158,-80857.18948715883,35.14126072824001,
0.4,2,0.8,0.5,0,22319,-82090.75792330876,32.869236807804555,
0.4,1,0.9,0.1,0,13551,-76081.86822772365,56.2997585311532,
0.4,2,0.6,0.3,0,13289,-83577.6661734728,42.63879904616624,
0.4,2,0.7,0.1,0,16088,-84096.98029279933,36.7341102831997,
0.4,2,0.8,0.4,0,15586,-81330.05937423311,33.729031458031386,
0.4,2,0.7,0.4,1,20417,-84494.9934435633,34.86900998093188,
0.4,2,0.7,0.5,0,15533,-81800.70150572673,35.58385002287105,
0.4,2,0.8,0.2,1,15596,-79019.08689220434,35.23464698996395,
0.3,4,1.0,0.2,1,13427,-74664.01221384839,70.5228817970492,
0.4,1,0.6,0.1,1,18451,-81863.26407010725,65.13564477767795,
0.4,2,0.8,0.3,1,22329,-81265.68074449962,35.8702437938191,
0.4,2,0.8,0.5,1,22320,-82532.04932954583,34.997518826741725,
0.4,1,0.8,0.1,1,19106,-75558.95875121487,60.60897640325129,
0.4,2,0.8,0.2,0,15595,-74685.98234523088,36.430324169807136,
0.4,2,0.7,0.3,1,17159,-81028.52443331774,37.90294779604301,
0.4,2,0.7,0.5,1,15534,-83205.86325095168,36.687503032851964,
0.4,3,0.6,0.2,1,16397,-78863.96701876484,32.165164588950574,
0.4,2,0.7,0.4,0,20416,-82180.52941840328,37.47488920483738,
0.4,2,0.8,0.1,1,16468,-80253.51778479069,37.09717879118398,
0.4,2,0.8,0.4,1,15587,-78592.99230096555,36.60252454504371,
0.4,2,1.0,0.5,1,17734,-83524.43062500659,33.35352027602494,
0.4,2,0.9,0.2,0,16866,-80710.10659400417,35.39225740311667,
0.4,3,0.6,0.4,1,16388,-82739.86722892275,33.09967763116583,
0.4,2,0.9,0.2,1,16867,-80522.74447973807,35.93707934906706,
0.4,2,0.9,0.5,1,13847,-83421.48926720973,35.36934687802568,
0.4,2,0.7,0.2,1,20426,-77021.27938879908,40.30857164412737,
0.4,1,0.9,0.3,0,14621,-75250.30229041631,59.1886878060177,
0.4,1,0.9,0.2,1,12680,-78008.41998879708,59.77350788470358,
0.4,2,0.8,0.3,0,22328,-74187.8491777683,38.43231037631631,
0.4,3,0.6,0.1,0,21486,-82189.74925506483,34.718036284670234,
0.4,2,0.9,0.4,0,18729,-82651.38170629875,35.94875592412427,
0.4,1,1.0,0.2,1,21776,-75049.97066216772,54.86582543887198,
0.4,2,1.0,0.2,1,20754,-78649.62522698709,35.92733759013936,
0.4,2,1.0,0.5,0,17733,-81579.90674876676,35.52465089596808,
0.4,1,0.9,0.1,1,13552,-75931.37397257632,61.92068745009601,
0.4,3,0.6,0.5,0,17121,-82712.21647792397,34.70385319599882,
0.4,3,0.6,0.2,0,16396,-75702.31945436995,35.76620208704844,
0.4,1,0.8,0.4,0,16608,-82168.18449566701,63.00918639404699,
0.4,2,1.0,0.3,0,17486,-77947.55913735663,36.8110209540464,
0.4,3,0.7,0.5,1,22294,-85448.75796878031,32.575148849748075,
0.4,2,0.9,0.4,1,18730,-80707.68068397861,37.32114249840379,
0.4,2,0.9,0.3,0,13599,-78038.52337629483,37.73957992484793,
0.4,3,0.6,0.3,1,15259,-82148.89757856351,35.47022920707241,
0.4,2,0.9,0.1,0,17738,-78328.05331364836,39.19996283296496,
0.4,2,0.9,0.1,1,17739,-76614.79704235555,38.61722272494808,
0.4,1,1.0,0.1,0,12647,-78099.89673500351,57.20983747718856,
0.4,2,1.0,0.1,1,21626,-78198.1620981171,37.97646401822567,
0.4,3,0.7,0.4,0,20256,-80832.08263622763,34.0641391039826,
0.4,3,0.6,0.3,0,15258,-79772.85746835623,36.55561701580882,
0.4,2,0.9,0.3,1,13600,-76223.20061250632,38.52887372998521,
0.4,2,1.0,0.4,0,12616,-82396.51691551178,37.82037319429219,
0.4,3,0.7,0.1,1,15356,-77676.4926366113,35.62827621633187,
0.4,2,1.0,0.3,1,17487,-76043.17281509476,38.38443053001538,
0.4,3,0.6,0.4,0,16387,-79447.77698882953,37.065522311721,
0.4,2,1.0,0.4,1,12617,-76925.01240109502,38.42695623682812,
0.4,3,0.8,0.2,0,17051,-78778.24166828945,34.412370977923274,
0.4,3,0.7,0.3,0,13918,-78691.91389217446,35.68233477277681,
0.4,1,0.8,0.5,0,17342,-81381.01295432403,65.06674894597381,
0.4,3,0.9,0.5,0,15559,-84193.16467195784,32.15922325802967,
0.4,3,0.6,0.1,1,21487,-78450.54061529084,38.62114349799231,
0.3,5,1.0,0.2,0,20273,-81424.50997868367,72.87956354534253,
0.4,2,1.0,0.1,0,21625,-76184.18517811543,40.1575584243983,
0.4,3,0.7,0.4,1,20257,-80704.5522617161,35.99890146777034,
0.4,3,0.8,0.4,1,15427,-83796.37034450436,34.68800152093172,
0.4,2,1.0,0.2,0,20753,-75527.29206981181,40.18809558497742,
0.4,3,0.8,0.5,0,14288,-78392.64767752402,34.77982722269371,
0.4,1,0.9,0.5,0,21788,-83289.71288402562,60.95287438388914,
0.4,3,0.8,0.1,0,22141,-82999.79735803773,36.45218849228695,
0.4,2,0.9,0.5,0,13846,-82713.47896092337,41.247826527338475,
0.4,3,0.8,0.5,1,14289,-84205.28444643418,35.44998417329043,
0.4,3,0.7,0.2,0,13184,-82837.06854272481,38.26607299223542,
0.4,3,0.7,0.1,0,15355,-76194.05070603707,38.757239795755595,
0.4,3,0.7,0.2,1,13185,-77304.10061060407,37.98663791222498,
0.4,3,0.8,0.4,0,15426,-83715.78347289453,36.212820294778794,
0.4,3,0.9,0.4,0,16697,-80551.1100656303,35.167063805274665,
0.4,3,0.9,0.5,1,15560,-83238.90074713361,33.93997523933649,
0.4,3,0.9,0.1,1,21797,-77314.50090024665,36.0534867211245,
0.4,3,0.7,0.5,0,22293,-81146.85413710908,38.02069241227582,
0.4,3,0.9,0.2,1,16707,-79881.38877163857,36.00811763899401,
0.4,3,0.8,0.3,0,14297,-75935.29668936871,37.56676518591121,
0.4,3,1.0,0.1,0,15683,-74732.61946923414,34.84405267238617,
0.4,1,1.0,0.1,1,12648,-74838.4940667986,62.55345862405375,
0.4,3,0.9,0.1,0,21796,-74609.12010299909,37.3511851830408,
0.4,3,0.9,0.2,0,16706,-80034.35677281172,37.53864560602233,
0.4,3,0.8,0.2,1,17052,-77068.85216461816,39.32975739706308,
0.4,3,0.8,0.1,1,22142,-78310.41730517171,39.70993235101923,
0.4,3,0.8,0.3,1,14298,-78285.05432330424,40.042703142855316,
0.4,1,0.9,0.4,0,17879,-77295.95396832858,68.44360637897626,
0.4,2,0.6,0.2,0,16556,-82014.31702068217,60.65437437500805,
0.4,3,1.0,0.3,1,19456,-76553.85648978346,35.06660831114277,
0.4,3,0.9,0.4,1,16698,-81300.23270260403,38.448043200187385,
0.4,2,0.6,0.2,1,16557,-81809.616707323,58.72405397100374,
0.4,1,1.0,0.2,0,21775,-78306.28575420062,65.07185148168355,
0.4,2,0.6,0.4,0,18419,-83406.1214385767,57.227893975097686,
0.4,1,1.0,0.5,1,12501,-80580.8730233074,64.81283771200106,
0.4,3,0.9,0.3,0,18743,-76917.84948770957,39.79386318707839,
0.4,3,1.0,0.2,0,20593,-78063.31794700887,37.511193009093404,
0.4,3,1.0,0.1,1,15684,-80562.22839260857,37.68737437110394,
0.4,4,0.6,0.1,1,16027,-74801.71293492382,32.88109659496695,
0.4,3,1.0,0.3,0,19455,-78495.54695842783,37.8743694992736,
0.4,1,1.0,0.5,0,12500,-80372.36842429887,66.3267498719506,
0.4,3,1.0,0.4,0,20584,-80943.88262382805,36.324202018324286,
0.4,1,0.8,0.4,1,16609,-79958.76826652681,73.9491188051179,
0.4,2,0.6,0.5,0,20361,-80325.67514160101,57.34100779471919,
0.4,1,0.9,0.5,1,21789,-81436.82976778559,69.25397269474342,
0.4,3,0.9,0.3,1,18744,-80125.73177123758,42.36234661983326,
0.4,4,0.6,0.1,0,16026,-77194.94034483365,36.28789437096566,
0.4,3,1.0,0.2,1,20594,-80248.20272692053,40.10394328227267,
0.4,3,0.7,0.3,1,13919,-80798.59007596849,46.45270368875936,
0.4,3,1.0,0.5,1,21319,-83679.37689518333,37.79793215589598,
0.4,1,0.9,0.3,1,14622,-77441.9457789339,74.05089064920321,
0.4,3,1.0,0.5,0,21318,-83672.45640170122,39.65564800705761,
0.4,3,1.0,0.4,1,20585,-77898.70816516818,40.05991267506033,
0.4,4,0.6,0.3,0,19798,-80970.78045009961,37.01009120000526,
0.4,1,1.0,0.3,1,18509,-76774.67022708216,74.29080015979707,
0.4,4,0.7,0.1,1,18024,-82621.19661987634,31.73778678011149,
0.4,1,1.0,0.3,0,18508,-77367.27527176181,75.45591761311516,
0.4,1,0.9,0.4,1,17880,-79513.73817340768,80.54750479897484,
0.4,4,0.6,0.5,0,17087,-81535.41122680265,35.20973807666451,
0.4,4,0.6,0.4,0,16353,-83929.49257677465,39.18718965072185,
0.4,4,0.7,0.4,0,15013,-83381.29173833529,33.95680853771046,
0.4,4,0.7,0.5,0,22259,-80549.17796192683,32.56706287711859,
0.4,2,0.8,0.1,0,16467,-77827.56023655935,66.14122982695699,
0.4,4,0.6,0.5,1,17088,-81367.6237996706,39.6918567949906,
0.4,4,0.7,0.4,1,15014,-82293.43568893523,35.007039442658424,
0.4,4,0.9,0.4,1,16664,-79871.01857516002,31.2334400578402,
0.4,4,0.8,0.4,0,15392,-80578.83268634623,32.74861099617556,
0.4,4,0.6,0.2,0,16362,-80987.35494608249,48.877870806958526,
0.4,4,0.6,0.2,1,16363,-82477.96120200268,48.437842884100974,
0.4,4,0.8,0.2,0,17017,-79514.10606724952,35.309375253971666,
0.4,4,0.8,0.4,1,15393,-80967.19183875076,34.13656240189448,
0.4,4,0.7,0.5,1,22260,-81682.89884493222,35.83989516692236,
0.4,4,0.8,0.2,1,17018,-78078.02502567982,35.36552730202675,
0.4,4,0.9,0.3,0,20108,-80018.70188422411,33.09523960063234,
0.4,4,0.8,0.3,1,20454,-82298.90051151456,36.114311702083796,
0.4,5,0.6,0.2,0,15069,-79804.55221709618,31.743388106115162,
0.4,4,0.9,0.1,0,14464,-81784.73324762502,34.914070473983884,
0.4,4,1.0,0.5,1,21285,-85094.96912638584,32.30738312099129,
0.4,4,0.9,0.4,0,16663,-79661.52614063947,34.80432748794556,
0.4,4,0.8,0.1,0,14809,-77360.72048793687,37.597128769848496,
0.4,4,0.9,0.1,1,14465,-74923.07692405372,35.354515517130494,
0.4,5,0.6,0.5,0,14178,-86583.45639913049,31.826997315045446,
0.4,4,0.9,0.5,1,20573,-80721.02093107942,34.95118881203234,
0.4,5,0.7,0.5,0,12838,-82714.92753865776,30.683676989283413,
0.4,4,0.9,0.5,0,20572,-84677.06795974959,35.51988517679274,
0.4,4,0.8,0.3,0,20453,-79119.9841813007,38.58648418914527,
0.4,4,1.0,0.3,0,13995,-78297.1312942762,34.50794380996376,
0.4,4,0.9,0.2,1,21464,-75930.35170623683,36.731914275791496,
0.4,5,0.6,0.2,1,15070,-80360.46691427592,33.87164258444682,
0.4,5,0.7,0.2,0,22113,-80501.98613263042,33.41295449016616,
0.4,5,0.7,0.5,1,12839,-84223.78052254999,32.46359152672812,
0.4,4,1.0,0.2,0,20559,-79916.73114155713,35.82143235905096,
0.4,4,0.9,0.3,1,20109,-81284.39432472651,37.63846711721271,
0.4,4,1.0,0.2,1,20560,-76693.58492906656,35.88593422900885,
0.4,5,0.8,0.4,1,18101,-82706.46667369969,31.633816125802696,
0.4,3,0.6,0.5,1,17122,-82756.75631368186,69.09131605178118,
0.4,5,0.7,0.4,1,16106,-82720.86256900967,33.93048135889694,
0.4,5,0.8,0.1,1,13773,-79982.56590093856,33.44190817279741,
0.4,5,0.6,0.4,0,19061,-82598.80739046649,35.300549545791,
0.4,4,1.0,0.1,1,20224,-72227.6387349413,37.91659835819155,
0.4,5,0.6,0.1,0,14733,-81489.91149986509,36.865807787980884,
0.4,5,0.8,0.3,0,14842,-81605.55165321016,33.87869922304526,
0.4,4,1.0,0.5,0,21284,-80332.5026792208,37.83588681416586,
0.4,5,0.9,0.4,1,12547,-85475.80988885147,32.57119536213577,
0.4,5,0.6,0.5,1,14179,-85792.9972317219,36.558152528014034,
0.2,1,0.6,0.5,1,22222,-81757.43489207924,222.53540450707078,
0.4,5,0.6,0.3,1,15804,-79931.96731074632,37.1793170850724,
0.4,5,0.8,0.2,0,14108,-81222.52578122792,35.12824133085087,
0.4,5,0.8,0.5,1,14834,-84360.57388989147,34.29064595513046,
0.4,5,0.7,0.1,1,16731,-75200.83860532912,37.200753890909255,
0.4,5,0.9,0.5,1,19280,-81319.89490798954,33.267515460029244,
0.4,5,0.9,0.2,0,18554,-81830.41876681433,34.613451501820236,
0.4,5,0.7,0.3,0,20975,-76659.89568545583,37.685558151919395,
0.4,5,0.8,0.3,1,14843,-79621.73032038292,36.011223275680095,
0.4,5,0.8,0.1,0,13772,-82182.680208782,37.22165280068293,
0.4,5,0.9,0.5,0,19279,-77610.7596037762,35.10128628835082,
0.4,5,0.7,0.2,1,22114,-75635.68007057875,38.761322817765176,
0.4,5,1.0,0.1,0,17314,-80938.41362494239,35.13452554307878,
0.4,5,0.8,0.4,0,18100,-80871.96213169661,37.12310841539875,
0.4,5,1.0,0.3,1,20001,-83463.00401568576,34.87512236973271,
0.5,1,0.6,0.3,1,19854,-79144.57889852766,32.67030537314713,
0.4,5,0.9,0.2,1,18555,-77946.84812553962,37.048777936026454,
0.4,4,0.6,0.3,1,19799,-82134.60870112592,57.858512863051146,
0.4,5,0.7,0.1,0,16730,-78133.67400493295,40.45960772782564,
0.4,5,0.7,0.4,0,16105,-76464.31546555288,39.67498106183484,
0.5,1,0.6,0.3,0,19853,-81481.32822926098,33.79430591035634,
0.4,5,1.0,0.2,0,19266,-79456.17157189106,36.57052345108241,
0.5,1,0.7,0.4,1,20156,-81518.16736768889,31.392112044151872,
0.4,5,0.9,0.3,1,19289,-81380.0162396817,37.89001019997522,
0.4,5,0.9,0.1,1,15044,-78208.88909708608,38.255405214615166,
0.5,1,0.6,0.5,1,13846,-83943.46346548013,33.10542685724795,
0.4,5,1.0,0.5,1,18376,-80848.23060958809,35.938019673805684,
0.4,4,0.7,0.2,1,13151,-81270.80314674995,53.7840013038367,
0.4,5,0.8,0.2,1,14109,-80431.62102862362,39.824607389979064,
0.5,1,0.6,0.4,0,13111,-83564.53314567849,33.77998976781964,
0.5,1,0.7,0.5,0,19017,-81941.56042191798,32.000140079297125,
0.4,5,1.0,0.5,0,18375,-85310.80710786521,36.680821070913225,
0.5,1,0.6,0.1,0,17167,-81026.3614237168,36.4627900570631,
0.4,5,1.0,0.1,1,17315,-77417.09326978262,38.22514793695882,
0.4,4,0.7,0.3,0,16586,-82601.51527738842,54.875453781336546,
0.4,4,0.7,0.2,0,13150,-80265.70270786028,54.989282657857984,
0.5,1,0.6,0.2,0,13120,-79355.43091693675,36.60315040126443,
0.5,1,0.6,0.2,1,13121,-82326.2957265367,36.22772664716467,
0.2,4,0.6,0.1,0,18316,-81635.3079698845,227.63374615320936,
0.5,1,0.7,0.1,0,19164,-80138.96463141164,34.594214271288365,
0.4,5,1.0,0.4,1,13259,-81043.05491299143,37.92495609726757,
0.4,4,0.6,0.4,1,16354,-75567.62485552934,58.872333564795554,
0.4,5,1.0,0.2,1,19267,-75697.80141095043,39.30648214323446,
0.4,5,1.0,0.4,0,13258,-77039.3977354737,38.655059695243835,
0.5,1,0.7,0.5,1,19018,-78942.82471242505,33.702673704363406,
0.5,1,0.7,0.3,1,15026,-82062.63953820974,35.39033123292029,
0.4,5,0.9,0.3,0,19288,-78849.69299087314,42.025466315913945,
0.5,1,0.8,0.4,0,22150,-83184.27109235097,33.30453575914726,
0.4,5,1.0,0.3,0,20000,-78498.00003463414,40.969049729406834,
0.5,1,0.7,0.4,0,20155,-80609.17364927367,36.79420303693041,
0.4,4,1.0,0.3,1,13996,-77247.73219458695,48.0633345330134,
0.4,4,0.7,0.1,0,18023,-78133.96818606426,59.432201642077416,
0.4,4,0.7,0.3,1,16587,-84470.90168459713,58.12864866387099,
0.5,1,0.8,0.3,1,18893,-75163.0476536276,36.37289277091622,
0.5,1,0.8,0.4,1,22151,-75920.25767698044,36.92223310191184,
0.4,4,1.0,0.1,0,20223,-74556.59357461634,52.34425360010937,
0.4,4,0.8,0.1,1,14810,-74459.79902026731,56.02756778895855,
0.2,1,0.8,0.5,0,21260,-82928.32262059364,235.92824072390795,
0.5,1,0.9,0.2,1,16606,-83732.12036166362,33.15554860373959,
0.5,1,0.8,0.5,1,12885,-81420.24260007817,39.14378424594179,
0.5,1,0.8,0.5,0,12884,-76676.04057132223,39.664508919231594,
0.4,4,1.0,0.4,1,20551,-80460.39242219694,55.08386235870421,
0.4,4,1.0,0.4,0,20550,-78086.32641072615,55.31633170414716,
0.2,1,0.8,0.4,1,15736,-80030.10980145397,241.22565346071497,
0.5,1,0.9,0.2,0,16605,-76368.20763522298,41.532065394800156,
0.5,1,0.9,0.3,1,13339,-81425.15978374318,37.331803555134684,
0.4,5,0.6,0.4,1,19062,-83785.42618649491,56.9375824467279,
0.5,1,0.9,0.1,1,17478,-75367.16350394263,42.973325801081955,
0.5,1,0.6,0.5,0,13845,-83259.35697880635,49.81319325091317,
0.2,1,1.0,0.4,1,15941,-79786.26175103044,243.68676717579365,
0.4,4,0.9,0.2,0,21463,-77170.35432435131,62.57243167189881,
0.5,1,0.8,0.1,1,17823,-81227.85138449079,48.002083387225866,
0.4,4,0.8,0.5,1,17743,-81094.98111789094,63.25412307307124,
0.4,4,0.8,0.5,0,17742,-82258.29264939672,63.787687411066145,
0.5,2,0.6,0.2,0,22098,-80941.084719961,30.46455025114119,
0.4,5,0.9,0.1,0,15043,-77986.09963083567,57.69241422181949,
0.4,5,0.6,0.3,0,15803,-80115.57324357712,61.22266378812492,
0.5,1,1.0,0.4,1,15693,-80618.28135555217,33.12072846619412,
0.5,1,1.0,0.3,0,12434,-79439.44808723591,34.16887394012883,
0.5,2,0.6,0.1,1,12971,-83045.71493000642,32.19341068388894,
0.4,5,0.8,0.5,0,14833,-82425.15317268518,59.06184245971963,
0.4,5,0.7,0.3,1,20976,-81132.86206389239,61.51175506878644,
0.5,1,0.9,0.5,1,17331,-80634.20160597483,39.26313381176442,
0.5,1,1.0,0.4,0,15692,-77134.87259561679,34.832597605884075,
0.5,2,0.6,0.5,1,17207,-86157.66138961287,31.37438616156578,
0.5,1,1.0,0.3,1,12435,-81967.12847095057,34.9730663523078,
0.5,2,0.6,0.4,1,20474,-82800.4372471894,31.833853595890105,
0.5,1,1.0,0.1,0,21364,-77186.39345136458,38.23076353687793,
0.4,5,0.9,0.4,0,12546,-79528.17770079587,59.9805335230194,
0.5,2,0.6,0.3,1,17216,-83585.58747780672,32.92660315707326,
0.5,2,0.7,0.3,0,14003,-81827.97181819039,31.87364092003554,
0.4,5,0.6,0.1,1,14734,-81925.9229370358,65.60088142519817,
0.5,2,0.6,0.2,1,22099,-79437.22998442827,35.197807915043086,
0.5,2,0.7,0.2,1,17271,-77826.9696291454,33.20103619899601,
0.5,2,0.6,0.3,0,17215,-82752.42963815137,35.02077972376719,
0.5,1,1.0,0.1,1,21365,-75419.16567749523,40.03523893794045,
0.5,2,0.6,0.1,0,12970,-78133.84822417387,36.34889034833759,
0.5,2,0.7,0.4,1,19134,-81745.85768339306,32.814004253130406,
0.5,1,0.9,0.5,0,17330,-83301.34418037986,44.132393517997116,
0.5,2,0.7,0.1,1,18143,-77093.91596666373,34.52074348879978,
0.5,2,0.8,0.2,0,21137,-81735.92122142181,32.607941140886396,
0.5,1,0.6,0.4,1,13112,-84030.73197243053,58.64063425781205,
0.5,2,0.7,0.1,0,18142,-81356.5865440686,35.870468703098595,
0.5,2,0.7,0.2,0,17270,-80811.77265529014,35.9369068169035,
0.5,2,0.6,0.4,0,20473,-83323.51612638461,36.97946869302541,
0.5,1,0.7,0.1,1,19165,-79296.29621079644,59.14857228193432,
0.5,2,0.7,0.5,1,21076,-80418.33172497475,34.34000555193052,
0.5,1,0.7,0.2,1,18293,-77544.03797178205,58.993805292993784,
0.5,2,0.8,0.4,0,21128,-82894.21873648139,33.59114693989977,
0.5,2,0.7,0.4,0,19133,-78882.77703297324,35.796055829152465,
0.5,1,0.8,0.2,0,22159,-80155.92761034278,57.42981398804113,
0.5,2,0.6,0.5,0,17206,-78580.0183917304,37.745639480184764,
0.2,1,0.6,0.4,1,16697,-82744.83734279574,254.82056449912488,
0.5,2,0.9,0.2,0,12408,-81993.13949716155,32.8157280809246,
0.5,2,0.8,0.1,1,22010,-79142.84861794379,35.32329757511616,
0.5,2,0.7,0.5,0,21075,-82552.04689205457,36.30087353475392,
0.5,2,0.8,0.1,0,22009,-81423.38232963947,35.64832588704303,
0.5,1,1.0,0.5,1,21218,-80268.57083453609,40.17272884491831,
0.5,2,0.8,0.4,1,21129,-81317.37039603112,34.8016878310591,
0.5,3,0.6,0.4,0,12390,-83270.50173605498,28.72409817483276,
0.5,2,0.8,0.2,1,21138,-76359.95492312474,36.01531986705959,
0.5,2,0.9,0.1,0,16455,-79509.33406965296,34.88248237129301,
0.5,2,1.0,0.2,0,16295,-85311.5451837478,32.339758079033345,
0.5,3,0.7,0.4,0,17562,-83100.41155168091,28.494070032145828,
0.5,2,0.9,0.2,1,12409,-82377.16733586398,34.17422854108736,
0.5,2,0.8,0.3,0,17870,-79441.72024405586,36.61231611808762,
0.5,2,0.8,0.5,0,16245,-83501.55694409781,35.66176990233362,
0.5,1,0.8,0.3,0,18892,-78605.21682332474,58.841079004108906,
0.2,1,0.7,0.5,1,16091,-77976.9214841017,256.64159033913165,
0.5,2,0.9,0.4,1,20784,-81643.76541180337,34.192977064754814,
0.5,2,0.9,0.5,0,17516,-79927.96489986808,34.203843941912055,
0.5,2,0.9,0.4,0,20783,-81597.75337783856,34.44090628111735,
0.5,2,1.0,0.4,1,14671,-78218.05661453134,32.539019900839776,
0.5,2,0.9,0.1,1,16456,-75723.96045721686,36.40371978003532,
0.5,3,0.6,0.5,1,21253,-83239.12052548656,31.58022925676778,
0.5,2,0.8,0.5,1,16246,-79953.08573840662,37.45589950121939,
0.5,1,0.8,0.2,1,22160,-79182.99131706536,61.39220380783081,
0.5,2,0.9,0.5,1,17517,-79793.58122644773,35.73802056768909,
0.2,1,0.9,0.5,0,20915,-81417.75569937566,258.7115194927901,
0.5,1,0.8,0.1,0,17822,-78894.9399233535,62.50672557204962,
0.2,1,0.6,0.1,0,12368,-80399.76370622721,259.37539041182026,
0.5,1,0.7,0.2,0,18292,-80452.07411185637,64.91013482073322,
0.5,3,0.6,0.3,0,21261,-82369.57934442868,33.70205036690459,
0.5,3,0.7,0.1,0,14060,-76959.78710489876,33.09113434609026,
0.2,1,0.6,0.3,0,16140,-78029.5568160964,260.36232683528215,
0.5,2,1.0,0.5,1,21404,-82253.32335021577,34.68701674602926,
0.5,1,0.9,0.4,0,16596,-81458.79823458468,55.31360459513962,
0.5,2,0.9,0.3,0,17525,-79477.05525009289,38.232469459064305,
0.5,2,1.0,0.4,0,14670,-82304.84296237574,35.8436194951646,
0.5,3,0.6,0.2,1,12400,-82801.15164256861,34.482362733222544,
0.2,1,0.6,0.5,0,22221,-77092.09409737804,260.8406577860005,
0.5,2,1.0,0.1,0,17167,-74884.72978397063,37.580784880090505,
0.5,3,0.6,0.4,1,12391,-82598.13891577459,34.078772876411676,
0.2,1,0.7,0.4,0,15356,-82893.57117560983,260.8823917717673,
0.5,3,0.7,0.5,0,18296,-81264.48375612589,32.6970226499252,
0.5,2,1.0,0.2,1,16296,-79089.62906707803,37.206519283819944,
0.5,2,0.7,0.3,1,14004,-76512.79683900652,43.165238314308226,
0.5,2,1.0,0.1,1,17168,-77828.90326792942,38.01916940091178,
0.5,3,0.6,0.1,0,20191,-78201.84147985754,35.79752925876528,
0.5,3,0.8,0.3,1,20301,-85431.5784743458,32.831440270878375,
0.5,3,0.7,0.1,1,14061,-84258.97831520859,34.71398746827617,
0.5,3,0.6,0.3,1,21262,-83409.43738500611,35.266805527266115,
0.5,3,0.8,0.2,0,19566,-77892.25194158473,33.618824855890125,
0.5,3,0.6,0.5,0,21252,-82121.00430313175,35.41411330411211,
0.5,2,1.0,0.3,1,21413,-80142.80123597397,37.74988889414817,
0.5,3,0.7,0.3,0,19921,-81268.74393132406,35.38747713295743,
0.5,3,0.7,0.3,1,19922,-78768.53707492081,35.28869518637657,
0.5,2,1.0,0.3,0,21412,-81109.33193106936,38.65408182423562,
0.5,3,0.7,0.2,1,17572,-80274.94360763174,35.502992616035044,
0.5,3,0.8,0.4,1,21430,-81378.6052273209,33.48965539224446,
0.5,3,0.8,0.5,0,20291,-80255.59593121901,33.54211387317628,
0.5,3,0.7,0.4,1,17563,-81667.88654809083,35.21708698570728,
0.2,1,0.8,0.5,1,21261,-83345.14727003308,263.67646585498005,
0.5,3,0.6,0.1,1,20192,-78162.17355748168,38.05356127442792,
0.5,3,0.9,0.1,0,20501,-80896.9895842333,33.42150980886072,
0.5,2,1.0,0.5,0,21403,-79896.76990041771,38.838102041743696,
0.5,1,0.6,0.1,1,17168,-80605.73864282589,72.30596680799499,
0.2,2,1.0,0.1,0,13927,-78691.14276263762,264.0877557019703,
0.2,1,0.7,0.2,1,15366,-78531.86206155796,264.63882192689925,
0.5,3,0.8,0.1,1,19231,-77864.404683606,36.06800093734637,
0.5,3,0.8,0.5,1,20292,-84885.09611385751,35.59569674869999,
0.5,1,0.7,0.3,0,15025,-79975.35906835951,70.38124030735344,
0.2,1,0.7,0.2,0,15365,-76728.23609128835,266.29042051313445,
0.5,2,0.9,0.3,1,17526,-78410.92169466146,43.77092771884054,
0.2,1,0.7,0.3,0,13184,-79181.10203524375,266.3108217678964,
0.5,3,0.9,0.1,1,20502,-78255.17693551996,35.691317489836365,
0.5,3,0.8,0.3,0,20300,-78552.61623945013,37.912580790929496,
0.2,4,0.8,0.5,0,20032,-78367.73223585653,265.59402431733906,
0.5,3,0.9,0.2,1,14013,-79069.8874384159,35.40980605781078,
0.5,1,0.9,0.1,0,17477,-78082.5388503933,68.64796731015667,
0.2,1,0.8,0.1,0,21407,-78375.6857099869,268.0890938900411,
0.5,2,0.8,0.3,1,17871,-82382.49187647381,48.83960947720334,
0.5,1,0.9,0.4,1,16597,-81307.56420953573,62.973516908008605,
0.5,3,0.9,0.2,0,14012,-78899.78308487938,38.29435809981078,
0.5,3,0.9,0.3,0,14746,-79085.37551257365,37.53635392803699,
0.2,1,0.7,0.1,0,16237,-80489.54614804935,270.04498236533254,
0.5,3,1.0,0.2,1,16597,-82348.59230694099,34.02335240319371,
0.5,3,0.9,0.3,1,14747,-79953.58104998365,38.8697524308227,
0.2,1,0.9,0.2,0,21806,-79207.34661872817,271.13440410606563,
0.2,4,0.7,0.3,0,18046,-75521.32889734232,270.1756840236485,
0.5,1,1.0,0.2,1,17318,-79477.8277719169,58.61946702376008,
0.2,1,0.9,0.4,0,20181,-85552.66732064122,271.61068167490885,
0.5,1,1.0,0.2,0,17317,-80870.710925337,61.10224440135062,
0.2,1,0.6,0.2,1,21497,-79751.23688282791,273.53701238613576,
0.5,4,0.6,0.1,0,20157,-83730.95505623148,31.78099460992962,
0.5,3,0.9,0.5,1,14738,-80104.96098016242,39.349777080118656,
0.2,1,0.6,0.2,0,21496,-80996.78482633912,275.14754224102944,
0.5,4,0.6,0.5,1,15793,-83706.0673249544,29.905192701611668,
0.2,1,0.6,0.3,1,16141,-76440.6921994795,275.74761765403673,
0.5,3,1.0,0.3,0,15458,-76139.5805832497,38.05701925093308,
0.2,1,0.8,0.3,1,15180,-77322.47476328316,276.28191386628896,
0.5,4,0.6,0.2,0,15067,-82520.15450744546,35.11963392281905,
0.5,4,0.6,0.4,0,15058,-81782.95481644326,34.31286325119436,
0.5,1,0.9,0.3,0,13338,-78127.92297497836,74.82827779836953,
0.5,3,1.0,0.5,1,17322,-81410.33974452884,37.19438504287973,
0.5,3,0.9,0.5,0,14737,-80496.28590039027,45.52726510586217,
0.2,1,0.6,0.4,0,16696,-82823.42130785264,279.81854148674756,
0.5,4,0.8,0.4,1,14098,-82652.41607362332,29.55889951158315,
0.2,1,0.9,0.4,1,20182,-80700.63168258924,279.75558370305225,
0.5,1,1.0,0.5,0,21217,-78363.29581467192,66.25412444910035,
0.5,3,1.0,0.1,0,14388,-76715.8329998995,45.40027881227434,
0.2,1,0.7,0.1,1,16238,-79542.43617920992,280.8152334582992,
0.2,1,1.0,0.3,1,20338,-75423.6626856108,280.9877686612308,
0.5,4,0.7,0.2,1,13728,-82543.18293745637,34.37688285857439,
0.5,3,1.0,0.3,1,15459,-79115.88343269101,43.11810651188716,
0.2,3,0.7,0.2,0,17346,-73639.02774803677,281.0682194158435,
0.2,1,0.8,0.4,0,15735,-78308.55531974255,282.01978892600164,
0.5,4,0.7,0.5,1,20965,-83577.94789289724,33.79507727595046,
0.5,4,0.8,0.2,0,14106,-81639.5500124701,33.96722567407414,
0.5,4,0.8,0.1,0,19196,-78335.44446955116,34.58546479418874,
0.5,4,0.8,0.1,1,19197,-79715.00248499542,34.9718072284013,
0.2,1,0.9,0.3,0,19625,-79103.13728230444,283.38370012817904,
0.2,1,0.8,0.2,1,20536,-75666.90630217848,283.6583432503976,
0.5,4,0.7,0.3,0,12589,-80283.51561149494,36.64701903704554,
0.2,4,0.7,0.2,1,17313,-75890.44039416993,283.1358609162271,
0.5,4,0.7,0.4,1,22103,-80474.89862068527,36.346687170211226,
0.5,4,0.9,0.2,0,15377,-81073.2505602611,33.330476433970034,
0.5,3,0.6,0.2,0,12399,-84411.55825271863,58.69879290740937,
0.2,1,0.8,0.3,0,15179,-74825.12050114911,284.8624538523145,
0.5,4,0.7,0.5,0,20964,-82721.01352725206,36.76195666287094,
0.5,4,0.8,0.5,1,14832,-80037.73644733874,34.377070284914225,
0.5,3,0.7,0.2,0,17571,-80869.96872331444,58.512935189995915,
0.5,5,0.6,0.4,0,14021,-85620.6782079344,29.73254765290767,
0.5,3,0.7,0.5,1,18297,-84412.63515320038,57.92644166201353,
0.5,3,0.8,0.4,0,21429,-80952.42616133504,57.44004599703476,
0.5,4,0.8,0.3,1,12969,-79407.11492592083,37.03509799903259,
0.5,5,0.6,0.2,1,22159,-83445.3874286065,31.620716854929924,
0.2,1,1.0,0.3,0,20337,-74977.29417536843,286.914096836932,
0.2,2,0.8,0.1,1,17211,-75486.40519897777,286.9805548968725,
0.5,5,0.6,0.4,1,14022,-81267.71311612705,31.379949116148055,
0.5,5,0.6,0.3,0,12892,-84970.27422710219,32.0998204681091,
0.5,5,0.7,0.5,1,19928,-85203.6780898845,29.134108740836382,
0.5,4,0.9,0.1,0,20467,-79884.07315721027,36.51525122532621,
0.2,1,0.7,0.4,1,15357,-81403.330883491,288.0458562360145,
0.5,4,0.9,0.1,1,20468,-80047.92945359304,37.121173669584095,
0.5,4,0.9,0.5,1,19278,-82302.58972323366,34.88080120366067,
0.5,4,1.0,0.5,0,19989,-83793.33572442534,33.703274979721755,
0.5,4,0.8,0.3,0,12968,-80553.72289005537,39.10520758014172,
0.5,5,0.6,0.5,0,12883,-81631.20429378244,32.4423638349399,
0.5,5,0.6,0.1,0,19120,-78765.32532016211,33.734746717847884,
0.5,4,1.0,0.5,1,19990,-79215.28011656663,33.86838774289936,
0.5,5,0.6,0.3,1,12893,-85467.67674767625,33.355507811997086,
0.5,4,0.9,0.3,1,20903,-83198.3332612999,36.94568176008761,
0.5,5,0.7,0.1,0,15908,-80451.50688967331,32.86776510393247,
0.5,4,1.0,0.4,0,17639,-82854.00396912494,34.7160048619844,
0.5,4,0.9,0.4,1,15369,-84488.0504089265,36.76566101284698,
0.5,4,0.7,0.2,0,13727,-77935.68284921334,43.17644550278783,
0.2,1,0.9,0.5,1,20916,-80723.91857190769,289.80456124898046,
0.2,1,1.0,0.4,0,15940,-78060.67475105448,289.87664346490055,
0.2,1,0.9,0.3,1,19626,-79083.77321515809,290.1238801088184,
0.5,4,0.8,0.5,0,14831,-82621.11372088731,39.540733916219324,
0.5,4,0.9,0.3,0,20902,-84126.16276554104,38.33845391497016,
0.5,4,0.9,0.2,1,15378,-81454.30953289861,39.220113940071315,
0.5,5,0.7,0.4,1,19194,-82239.61000347255,33.24097372079268,
0.5,3,0.8,0.2,1,19567,-79444.73900746633,62.978598394431174,
0.5,5,0.6,0.5,1,12884,-80811.58592350889,35.442524946760386,
0.5,5,0.7,0.3,0,19680,-81117.68507750603,35.12644989974797,
0.5,5,0.7,0.5,0,19927,-82900.32981325548,34.30339116323739,
0.5,5,0.6,0.1,1,19121,-81281.24502306947,37.48827634518966,
0.5,5,0.9,0.5,1,16369,-83160.98572673426,31.781570258084685,
0.5,4,1.0,0.1,1,16227,-80636.0136348733,39.11179588083178,
0.5,5,0.7,0.4,0,19193,-81147.243844597,35.920906556770205,
0.5,4,0.9,0.5,0,19277,-81354.34338160908,39.49621569784358,
0.5,5,0.8,0.2,0,12813,-81989.25383730854,34.194711494259536,
0.5,5,0.6,0.2,0,22158,-83046.48274354024,37.9344583642669,
0.5,4,1.0,0.2,1,19265,-77859.29576590813,38.87629538588226,
0.5,5,0.7,0.1,1,15909,-79729.06506673107,36.54530704114586,
0.5,3,0.8,0.1,0,19230,-77454.0833968735,65.95689811324701,
0.5,5,0.7,0.3,1,19681,-78743.78629527148,37.587624818086624,
0.2,1,0.9,0.1,0,12678,-77708.03588608217,294.4225605833344,
0.2,1,1.0,0.1,1,16566,-73324.25298224033,294.6535192471929,
0.5,5,0.9,0.2,0,17259,-76673.40862440651,34.36545137502253,
0.2,2,0.9,0.4,0,19159,-78801.97786017529,294.5802223859355,
0.5,5,0.8,0.4,1,21189,-83641.15388417014,34.977368145715445,
0.5,5,0.9,0.3,0,17993,-78094.49510659541,34.409793076105416,
0.5,5,0.9,0.4,1,14332,-83162.21556059619,34.422726480290294,
0.5,3,0.9,0.4,0,12700,-79141.4111647991,62.75575436698273,
0.5,5,0.8,0.1,0,19775,-78880.26361161094,37.14490489754826,
0.5,5,0.9,0.1,0,19430,-77192.6865021577,35.358954324852675,
0.6,1,0.6,0.5,0,16150,-83831.19001009988,31.945723577868193,
0.5,5,1.0,0.4,0,18218,-77192.55846796268,34.14143565297127,
0.2,1,1.0,0.2,1,15694,-78051.72664212876,296.04575944971293,
0.5,5,1.0,0.5,0,17080,-81154.26292729694,34.20573865156621,
0.5,5,1.0,0.2,1,16356,-80074.18130460316,34.97852503322065,
0.5,3,1.0,0.4,1,14972,-78648.74932928974,57.93297764705494,
0.5,4,0.6,0.4,1,15059,-81170.282183018,52.73296135291457,
0.5,5,1.0,0.5,1,17081,-81203.29362822293,34.99943879805505,
0.2,1,1.0,0.2,0,15693,-75242.52233006334,297.50928449397907,
0.5,5,1.0,0.1,0,13317,-78661.40501093381,36.785568981431425,
0.6,1,0.6,0.4,0,13800,-83600.74546923497,34.54361873725429,
0.6,1,0.6,0.5,1,16151,-80340.89983654053,34.07402304280549,
0.5,5,0.8,0.5,0,21922,-77827.0127472578,38.088571722153574,
0.5,3,0.9,0.4,1,12701,-82559.7421438291,65.45342609612271,
0.5,5,1.0,0.3,0,17089,-80581.72996258993,36.891445401124656,
0.6,1,0.7,0.3,0,21331,-78553.86367959298,33.90312793524936,
0.6,1,0.7,0.1,0,14384,-81041.82780521916,34.6090155672282,
0.6,1,0.6,0.3,1,14288,-80310.13436259209,35.64549213135615,
0.5,5,1.0,0.2,0,16355,-79281.40782398879,37.90748801082373,
0.5,5,1.0,0.1,1,13318,-75525.65739665471,37.99171013990417,
0.5,5,1.0,0.3,1,17090,-81544.0270747964,37.80252796411514,
0.6,1,0.6,0.3,0,14287,-80790.80438171834,36.81427305471152,
0.6,1,0.6,0.1,1,20516,-79002.96852663651,37.113914830610156,
0.2,1,0.8,0.2,0,20535,-77369.90370166079,300.0969588216394,
0.6,1,0.7,0.5,0,21322,-83251.91849090344,34.00325326900929,
0.5,5,1.0,0.4,1,18219,-78504.5522156522,38.5716174216941,
0.6,1,0.7,0.3,1,21332,-80665.56786150792,35.737932180054486,
0.2,1,0.9,0.2,1,21807,-75410.3475103358,300.8937790202908,
0.6,1,0.6,0.2,0,15425,-81995.63090350776,38.37999898986891,
0.5,4,0.6,0.2,1,15068,-77861.94463673016,57.779173098970205,
0.6,1,0.6,0.1,0,20515,-80485.17325978479,39.30918572889641,
0.5,4,1.0,0.3,0,19998,-78969.56996817433,48.33319879276678,
0.6,1,0.8,0.5,1,13318,-80042.22109140431,34.088800034020096,
0.5,4,0.6,0.3,1,15802,-81491.82696630745,59.312777931801975,
0.6,1,0.8,0.1,0,19554,-79662.5617919761,37.324897452257574,
0.5,5,0.9,0.2,1,17260,-80987.70890630476,43.43762468127534,
0.6,1,0.6,0.2,1,15426,-80234.82861991593,41.28489498188719,
0.5,3,1.0,0.1,1,14389,-76541.06526714985,69.13669078378007,
0.5,4,0.6,0.1,1,20158,-83859.9071207325,62.5840214015916,
0.5,5,0.9,0.4,0,14331,-78763.75000746634,44.428683241363615,
0.2,1,0.7,0.5,0,16090,-78035.63902711736,305.6883471477777,
0.2,1,0.7,0.3,1,13185,-77831.32808229615,305.80989450542256,
0.6,1,0.9,0.2,0,15735,-80841.41680011095,35.34343816200271,
0.6,1,0.8,0.1,1,19555,-77713.25019445524,39.57668609684333,
0.6,1,0.8,0.2,1,14465,-76271.2356907391,39.332797050941736,
0.5,3,1.0,0.4,0,14971,-79837.10458494563,68.23743185168132,
0.5,4,0.8,0.4,0,14097,-82366.84554538147,58.23785770917311,
0.5,4,0.7,0.1,0,14026,-79531.65337594198,62.126310410909355,
0.5,4,0.6,0.5,0,15792,-83870.09560173702,63.32157755503431,
0.6,1,1.0,0.2,0,19622,-80821.70175710022,34.32423761719838,
0.6,1,0.9,0.5,1,17764,-82575.26633057003,35.74804073711857,
0.5,4,0.8,0.2,1,14107,-81789.37925691293,61.10562620079145,
0.2,1,0.6,0.1,1,12369,-76070.40966045554,311.46210047602654,
0.6,1,0.8,0.5,0,13317,-80699.97026311772,42.18393131811172,
0.5,4,0.7,0.4,0,22102,-83440.40508072039,64.12542304303497,
0.5,4,0.7,0.3,1,12590,-76998.28202406464,64.59974596370012,
0.6,2,0.6,0.5,0,20043,-86459.50171719544,31.090247764252126,
0.6,1,1.0,0.3,0,18484,-79611.32045085388,37.07079902198166,
0.6,1,1.0,0.1,0,14712,-74734.9912716248,39.23270287271589,
0.6,1,0.9,0.1,1,20826,-78935.64099298001,44.02384149003774,
0.6,2,0.6,0.1,0,13105,-81565.00415207016,35.388272242154926,
0.2,1,0.9,0.1,1,12679,-75598.90876889222,315.21942258579656,
0.5,4,0.9,0.4,0,15368,-82836.0092639949,62.87093395087868,
0.6,2,0.6,0.3,1,20053,-80129.11315933704,34.761046919971704,
0.6,2,0.6,0.2,0,14935,-79007.52839042082,35.6228786399588,
0.5,4,0.7,0.1,1,14027,-80784.73425293353,69.49800217524171,
0.6,2,0.7,0.3,1,13922,-85887.99445345046,33.03902325313538,
0.6,1,1.0,0.4,1,17998,-79933.89781298724,37.74859651690349,
0.5,4,1.0,0.1,0,16226,-77791.12862012335,63.31115427194163,
0.5,5,0.8,0.3,0,13547,-77066.36112768971,58.66730965487659,
0.6,1,1.0,0.4,0,17997,-82479.20531365808,39.568430381827056,
0.6,2,0.8,0.1,0,22144,-82187.66961838707,33.43151100259274,
0.5,5,0.8,0.1,1,19776,-81742.90677257854,59.33707098197192,
0.6,2,0.6,0.5,1,20044,-84143.74510033062,36.452339387033135,
0.5,4,1.0,0.3,1,19999,-79125.30267721666,64.83114876039326,
0.6,2,0.7,0.5,0,13912,-87136.76801622118,35.48530549462885,
0.6,2,0.7,0.2,0,18804,-80298.93496151401,37.26618782384321,
0.6,2,0.7,0.2,1,18805,-77215.43199901583,37.09162049693987,
0.6,2,0.7,0.3,0,13921,-82307.94979646687,36.70604412117973,
0.6,1,0.9,0.3,1,17773,-81670.9355908634,48.54561652895063,
0.6,2,0.8,0.1,1,22145,-80815.81528657103,35.276428857818246,
0.6,2,0.9,0.4,1,12535,-78959.28674622456,32.31361219799146,
0.6,2,0.8,0.4,1,21264,-84370.09523922081,34.20372248068452,
0.2,1,1.0,0.1,0,16565,-80619.65270709802,319.97264988021925,
0.6,3,0.6,0.5,0,21941,-83974.17269527935,29.76991373859346,
0.6,2,0.9,0.3,0,20362,-81521.5225096489,33.269459259696305,
0.6,3,0.6,0.3,1,13567,-80246.53674900891,30.927566598635167,
0.6,2,0.9,0.5,1,20354,-83071.53325595701,33.28342570178211,
0.6,3,0.7,0.3,0,20610,-84758.21021216361,29.090217581018806,
0.5,5,0.8,0.4,0,21188,-81717.46714567706,62.4165406501852,
0.6,2,1.0,0.5,1,14241,-84470.78135804659,32.70256675872952,
0.6,3,0.6,0.1,0,16619,-81339.45611247407,32.41012398386374,
0.5,4,1.0,0.2,0,19264,-78954.04458394788,68.58972281124443,
0.6,2,0.8,0.3,1,20708,-83711.37119315476,37.13119151676074,
0.6,2,0.9,0.1,0,16590,-79835.24145591716,35.59359665028751,
0.6,2,0.8,0.3,0,20707,-86254.93695679962,37.50616111420095,
0.6,2,1.0,0.3,1,14250,-79261.69343537286,33.914573977701366,
0.6,3,0.6,0.1,1,16620,-81642.22180639928,32.90335878310725,
0.6,2,1.0,0.1,0,17302,-82210.35714683386,34.375798154156655,
0.6,2,1.0,0.5,0,14240,-81416.43301904955,33.86089905211702,
0.6,2,1.0,0.1,1,17303,-81284.51205208627,34.77083944063634,
0.5,5,0.7,0.2,0,20818,-82548.03322851994,66.67370650079101,
0.6,2,0.9,0.1,1,16591,-80090.04694492351,36.45333011960611,
0.6,2,0.9,0.4,0,12534,-81748.79372725158,36.14962534373626,
0.6,2,1.0,0.2,0,19132,-81511.14156562807,35.61683038575575,
0.6,3,0.7,0.4,0,13868,-84599.19170007213,31.359114601276815,
0.6,2,1.0,0.2,1,19133,-77846.59706337635,35.71104641398415,
0.6,1,1.0,0.1,1,14713,-81021.61178045243,49.35036298725754,
0.6,2,1.0,0.3,0,14249,-80465.17271282262,35.924675391986966,
0.6,3,0.7,0.2,1,16702,-83231.38530719251,32.58307111496106,
0.6,1,0.8,0.4,1,14456,-82908.4011218912,55.84443243499845,
0.6,3,0.8,0.1,1,18834,-82003.47624032861,32.717918899375945,
0.6,3,0.7,0.1,1,21792,-78521.34893018461,33.833195394836366,
0.6,3,0.7,0.2,0,16701,-80819.17666383297,33.79175620293245,
0.6,2,1.0,0.4,0,14805,-78109.08298976647,37.37008537910879,
0.6,3,0.8,0.5,0,12596,-84322.75598317708,31.758920039981604,
0.6,3,0.9,0.4,1,17135,-82975.05224507535,30.207448614295572,
0.6,3,0.8,0.1,0,18833,-81296.71082612242,33.80785299791023,
0.6,3,0.7,0.5,1,17427,-84609.51891353312,33.83506874879822,
0.6,3,0.9,0.2,0,13142,-83647.93111396144,31.3367198840715,
0.6,3,0.6,0.4,0,16824,-83609.73081129241,36.76970325503498,
0.6,1,0.7,0.1,1,14385,-78880.30762970266,63.13851338904351,
0.6,3,0.7,0.1,0,21791,-79610.2273994364,35.96439581597224,
0.6,3,0.9,0.1,0,20104,-82224.12673067245,33.107915765140206,
0.6,1,1.0,0.5,1,18732,-82320.96563255055,49.310342111159116,
0.6,3,0.8,0.4,0,15863,-80367.35064715652,33.65028858697042,
0.6,1,0.8,0.3,0,13326,-84386.40533389263,60.715807447675616,
0.6,3,0.9,0.3,1,13877,-81471.52257901081,32.80187134863809,
0.6,3,0.9,0.5,0,22251,-81651.60416560988,32.66840656334534,
0.6,2,0.7,0.1,0,18277,-81765.56224341855,47.667078509926796,
0.6,3,0.6,0.4,1,16825,-83590.60974427625,38.48671975219622,
0.6,3,0.7,0.3,1,20611,-84230.57771306351,36.903179621789604,
0.6,3,0.8,0.2,1,21872,-77739.0774421281,35.6504617840983,
0.6,4,0.6,0.3,1,17553,-83544.68699686612,30.51867738412693,
0.6,3,0.8,0.5,1,12597,-80075.98434545107,35.723143093753606,
0.6,4,0.6,0.1,1,21692,-81832.12598127607,32.20341985998675,
0.6,2,0.9,0.3,1,20363,-76509.54316239784,43.38872650731355,
0.6,2,1.0,0.4,1,14806,-79930.60614136647,41.89054004428908,
0.6,3,0.9,0.2,1,13143,-79167.96256545452,35.47802137909457,
0.6,4,0.6,0.1,0,21691,-79792.05207906966,32.63849761104211,
0.5,5,0.9,0.1,1,19431,-76663.9765645497,70.98105946183205,
0.6,1,0.7,0.4,0,12460,-81102.23991633154,65.94377605803311,
0.6,3,1.0,0.3,1,17764,-83210.54374132189,33.98870588699356,
0.6,3,0.9,0.3,0,13876,-76581.88954135028,36.25185761367902,
0.6,3,1.0,0.2,1,18902,-78476.93003969899,34.473786600865424,
0.6,4,0.6,0.3,0,17552,-79375.54891181692,33.175145449116826,
0.6,3,0.7,0.4,1,13869,-83099.31820357747,39.89646757300943,
0.6,3,1.0,0.3,0,17763,-79205.81589156963,35.00152925681323,
0.6,4,0.6,0.2,1,15203,-82816.84155034616,33.73684425512329,
0.6,3,0.7,0.5,0,17426,-81823.83480861486,40.302021545358,
0.6,4,0.7,0.3,0,12724,-84691.05574884814,31.46834551729262,
0.6,4,0.6,0.5,1,15928,-84015.05048679948,33.228341878857464,
0.6,4,0.6,0.4,0,15193,-83121.50954082068,34.16674891114235,
0.6,3,1.0,0.5,1,16139,-84593.59271504488,35.629386032000184,
0.6,4,0.7,0.2,0,13862,-83730.44056559842,33.36621386418119,
0.6,4,0.6,0.2,0,15202,-84302.74701088593,35.55367238027975,
0.6,1,1.0,0.5,0,18731,-82126.66952260965,56.02424666378647,
0.6,4,0.8,0.1,0,22033,-82269.86417068855,30.871591676026583,
0.6,4,0.7,0.1,0,16863,-84574.93192499675,34.28110144007951,
0.6,4,0.6,0.5,0,15927,-87421.18844638018,35.071471062954515,
0.6,4,0.7,0.3,1,12725,-84350.94651471972,33.815999642945826,
0.6,4,0.8,0.4,0,14232,-86617.68546796533,30.533564599230886,
0.6,4,0.8,0.5,0,14966,-87588.34761836371,30.37229549093172,
0.6,3,1.0,0.5,0,16138,-77060.14693293862,38.33584504714236,
0.6,1,0.9,0.3,0,17772,-82401.98953175408,66.37447524582967,
0.6,4,0.8,0.4,1,14233,-85454.87954424934,31.488063843920827,
0.6,4,0.8,0.2,1,15858,-81170.7240347869,32.833241931162775,
0.6,2,0.8,0.5,0,19082,-85548.7625483328,52.305489875841886,
0.6,4,0.7,0.5,0,21099,-82660.34588275361,34.60901833605021,
0.6,3,1.0,0.1,1,13992,-75595.81669054714,41.238812561612576,
0.6,1,0.8,0.4,0,14455,-79737.87042664278,69.78910448495299,
0.6,2,0.6,0.3,0,20052,-81434.46480611665,58.449238987173885,
0.6,4,0.7,0.5,1,21100,-83068.60266958225,35.00619598524645,
0.6,4,0.7,0.4,0,22237,-82397.15991417383,35.74080737074837,
0.6,2,0.8,0.5,1,19083,-78496.05519560374,53.96323155704886,
0.6,4,0.9,0.2,1,15513,-81575.72169726991,32.95365839777514,
0.6,1,0.9,0.4,1,14111,-79548.75648341929,70.13024829886854,
0.6,3,1.0,0.4,0,21021,-75012.01755429739,45.5962280430831,
0.5,5,0.8,0.2,1,12814,-82152.49734140828,86.1092815049924,
0.6,4,0.9,0.3,0,19165,-75995.64286225935,35.51160601479933,
0.6,2,0.8,0.2,0,13974,-83506.86042276902,61.9177082167007,
0.6,3,0.6,0.5,1,21942,-81509.50653345043,55.062192546669394,
0.6,3,0.9,0.1,1,20105,-80132.61404686618,51.51384515641257,
0.6,5,0.6,0.1,0,18250,-84035.79851138103,30.86278569372371,
0.6,3,0.9,0.5,1,22252,-86519.52409945773,50.201472668908536,
0.6,4,1.0,0.1,0,19063,-80835.76608562724,36.09752755705267,
0.6,4,1.0,0.1,1,19064,-79506.28308876457,36.2653611372225,
0.6,4,1.0,0.3,0,20133,-80861.63243225715,34.52721048519015,
0.6,2,0.8,0.4,0,21263,-79528.31543534808,64.19808042608202,
0.6,4,1.0,0.4,1,19391,-82165.25495160291,34.51382409641519,
0.6,4,0.9,0.4,1,15504,-76830.51249206417,38.555074700620025,
0.6,4,0.9,0.1,0,13304,-82521.01049592947,42.27710533188656,
0.6,4,1.0,0.5,0,20124,-78567.33912293712,35.35901753278449,
0.6,4,0.7,0.2,1,13863,-83594.7415037514,49.45883514685556,
0.6,5,0.6,0.3,1,14112,-82501.27274155994,33.046350413002074,
0.6,4,1.0,0.2,0,19399,-78633.3782437043,37.60521323699504,
0.6,5,0.6,0.4,1,17370,-85546.14665981423,33.068199530709535,
0.6,5,0.6,0.5,1,12487,-82748.5852953504,32.74314246000722,
0.6,5,0.7,0.1,0,13422,-78748.97135962485,32.650588968768716,
0.6,5,0.7,0.3,0,19283,-81571.9476045654,32.30858706776053,
0.6,5,0.7,0.2,0,18549,-83962.8795454021,32.59758109692484,
0.6,5,0.6,0.3,0,14111,-83742.45955909944,34.567765104118735,
0.6,5,0.6,0.1,1,18251,-83710.44935082164,35.92601722758263,
0.6,3,1.0,0.4,1,21022,-86210.31343078596,54.216849023941904,
0.6,5,0.7,0.5,0,17658,-82075.00757827307,32.291631313972175,
0.6,3,1.0,0.1,0,13991,-78690.64318154624,55.62262299191207,
0.6,5,0.7,0.1,1,13423,-82370.50600420247,33.70748760504648,
0.6,5,0.8,0.1,0,18592,-75129.71677182948,32.48804868897423,
0.6,5,0.9,0.3,0,15724,-82433.85737299339,30.729765830095857,
0.6,5,0.7,0.5,1,17659,-83112.99711911393,33.66150933364406,
0.6,5,0.7,0.3,1,19284,-82935.3449713342,34.64569383393973,
0.6,5,0.8,0.4,1,16409,-84554.90010766216,32.38239726005122,
0.6,5,0.8,0.5,0,21525,-87117.8888887612,32.42892152024433,
0.6,5,0.7,0.2,1,18550,-82847.49110335477,35.22710378235206,
0.6,4,1.0,0.2,1,19400,-80362.07776040523,40.78424050658941,
0.6,4,0.7,0.4,1,22238,-85804.21197392463,51.58331701904535,
0.6,5,0.6,0.2,1,21762,-83181.77788732057,37.84005479607731,
0.6,5,0.8,0.1,1,18593,-78537.01808276202,33.91580797918141,
0.6,3,0.8,0.2,0,21871,-77219.16419062365,61.326389166060835,
0.6,5,0.9,0.5,0,12796,-83144.25094324758,31.56396652618423,
0.6,5,0.7,0.4,0,12541,-79335.76981627556,35.71919620828703,
0.6,4,0.8,0.5,1,14967,-83468.86163535128,48.53347111074254,
0.6,5,0.9,0.1,1,19864,-84480.31700398285,33.352960002142936,
0.6,5,0.8,0.2,0,12416,-80118.1422913855,34.53982010297477,
0.6,5,0.9,0.4,1,20855,-82935.79903461233,32.54277634201571,
0.6,5,0.8,0.3,1,21279,-76824.26427407551,34.52400540187955,
0.6,5,0.8,0.3,0,21278,-78706.02638738666,35.26916825212538,
0.6,5,0.9,0.1,0,19863,-84131.29577017257,34.719563697930425,
0.6,5,0.7,0.4,1,12542,-84828.15176761505,37.37582702329382,
0.6,5,0.9,0.2,1,22072,-79538.0273106905,34.35234279697761,
0.6,5,0.9,0.2,0,22071,-82604.70688532008,34.921818043105304,
0.6,5,0.9,0.3,1,15725,-81659.52428389096,34.70068519888446,
0.6,5,0.8,0.5,1,21526,-82100.38110092403,35.40895952191204,
0.6,5,1.0,0.2,1,15959,-79093.85060338616,33.03004959970713,
0.6,4,0.8,0.2,0,15857,-84103.98940566792,53.00823961105198,
0.6,4,0.9,0.3,1,19166,-83444.04011225146,48.49252092232928,
0.6,4,0.8,0.1,1,22034,-81431.0663053101,54.18371951021254,
0.6,5,1.0,0.4,0,19950,-81900.58234898504,33.18559535173699,
0.6,4,0.9,0.5,1,19413,-81739.84243940178,47.22362969024107,
0.6,4,0.9,0.1,1,13305,-76930.7890250092,50.94041310809553,
0.6,5,1.0,0.1,1,15623,-83659.26412382303,34.97984323929995,
0.6,5,0.9,0.5,1,12797,-80718.20632340659,35.34146998543292,
0.6,5,0.9,0.4,0,20854,-79303.0143611609,36.21859158715233,
0.6,5,0.6,0.4,0,17369,-83331.47960415405,41.722588582895696,
0.6,5,1.0,0.2,0,15958,-80374.06005558856,35.20969597576186,
0.6,5,1.0,0.1,0,15622,-78848.93855249732,35.81003198027611,
0.6,5,0.6,0.2,0,21761,-81328.53959755828,43.616592610254884,
0.6,5,1.0,0.5,1,16684,-82681.2658485535,33.90941033232957,
0.6,4,0.9,0.2,0,15512,-81125.1356217572,52.506064794026315,
0.6,5,1.0,0.4,1,19951,-77389.86614794203,35.66000128118321,
0.6,5,1.0,0.5,0,16683,-80654.03811255086,35.728158948011696,
0.5,4,1.0,0.4,1,17640,-83556.6316063262,107.59596348693594,
0.5,3,1.0,0.2,0,16596,-80852.94696284788,126.62488022306934,
0.5,4,0.6,0.3,0,15801,-81289.4773259399,118.8503844588995,
0.5,5,0.7,0.2,1,20819,-79443.90535912139,106.806297454983,
0.6,4,1.0,0.4,0,19390,-84975.52792995129,48.201152078807354,
0.6,1,0.6,0.4,1,13801,-81133.74435338036,100.21880797110498,
0.5,5,0.8,0.5,1,21923,-83142.98839853937,104.60352064995095,
0.6,5,1.0,0.3,1,16693,-82844.07301815182,39.08535002497956,
0.5,5,0.8,0.3,1,13548,-80748.52742448341,105.73423838475719,
0.6,5,0.6,0.5,0,12486,-83795.21444852375,45.8397418721579,
0.6,2,0.6,0.4,1,22225,-86234.06911140731,83.96109540993348,
0.6,3,0.6,0.3,0,13566,-81875.8580675261,75.28024842916057,
0.6,4,1.0,0.5,1,20125,-80638.44636652476,49.558372848667204,
0.6,2,0.6,0.4,0,22224,-84212.93337652585,85.19064798997715,
0.6,4,0.9,0.5,0,19412,-82888.31715091766,54.262134762946516,
0.6,2,0.7,0.5,1,13913,-84367.47350733141,81.95644257497042,
0.6,3,0.8,0.4,1,15864,-81243.67591582821,71.41489196941257,
0.6,3,0.8,0.3,0,12605,-79625.34423248438,71.88087503192946,
0.6,5,0.8,0.2,1,12417,-79561.47545365537,44.924931671936065,
0.6,1,0.8,0.2,0,14464,-80331.38470829892,100.08986552292481,
0.5,5,0.9,0.5,0,16368,-79527.61028515195,106.21643763501197,
0.5,5,0.9,0.3,1,17994,-80600.62764204119,106.34632267197594,
0.6,1,0.7,0.2,1,20598,-78118.09318581292,102.54351959191263,
0.6,1,0.7,0.4,1,12461,-82649.92301766963,101.11973098525777,
0.6,1,0.9,0.5,0,17763,-80802.13625058622,93.93110624188557,
0.6,3,0.6,0.2,0,12832,-79162.62436834157,77.99221359519288,
0.6,1,0.7,0.2,0,20597,-80765.61287406538,103.88640139997005,
0.6,1,0.7,0.5,1,21323,-83125.69895363125,102.08616631105542,
0.6,3,0.6,0.2,1,12833,-81290.44993017233,78.6628304827027,
0.6,2,0.9,0.2,1,15246,-78511.61157470026,81.75743273179978,
0.5,3,1.0,0.5,0,17321,-82094.84808797746,127.72836953122169,
0.6,2,0.7,0.4,0,19268,-84245.74615270023,85.76446809107438,
0.6,2,0.7,0.4,1,19269,-84719.09844022224,85.56671668123454,
0.6,1,0.9,0.4,0,14110,-80602.18529466134,97.99437836697325,
0.6,1,1.0,0.3,1,18485,-76260.07022301646,93.49388584308326,
0.6,5,1.0,0.3,0,16692,-79993.2893517521,44.66045701690018,
0.6,2,0.6,0.1,1,13106,-78056.56966552442,90.49474847689271,
0.6,4,0.7,0.1,1,16864,-80227.71984216452,69.29955522203818,
0.6,2,0.9,0.2,0,15245,-75614.5306305742,83.25554730417207,
0.6,2,0.9,0.5,0,20353,-85541.50124812071,82.27005784166977,
0.6,4,1.0,0.3,1,20134,-81258.3534756315,55.45255507202819,
0.6,2,0.7,0.1,1,18278,-81066.62448200662,88.72383284009993,
0.6,1,0.9,0.1,0,20825,-77326.64627746084,100.95890627009794,
0.6,2,0.6,0.2,1,14936,-82039.37844013634,91.54424082534388,
0.6,3,0.8,0.3,1,12606,-82029.24139483721,76.98339988803491,
0.6,1,0.8,0.3,1,13327,-78502.68575510524,103.6989483111538,
0.6,5,0.8,0.4,0,16408,-80330.89018724803,49.7306598527357,
0.6,1,0.9,0.2,1,15736,-78965.52835019244,100.98521004617214,
0.6,3,1.0,0.2,0,18901,-79212.16851402771,74.72003178671002,
0.6,4,0.8,0.3,0,14719,-82244.21606621753,66.94907664181665,
0.6,4,0.6,0.4,1,15194,-82773.78007768137,72.68658018903807,
0.6,2,0.8,0.2,1,13975,-79643.26755927826,88.51189879933372,
0.6,1,1.0,0.2,1,19623,-80143.93594306186,98.12045940803364,
0.6,3,0.9,0.4,0,17134,-83489.0166459234,78.54204097623006,
0.6,4,0.8,0.3,1,14720,-81242.03778221623,69.94908809894696,
0.6,4,0.9,0.4,0,15503,-80899.35261860678,64.87612581206486,
